"id";"description";"price"
"1";"Luxurious Plastic Bacon";"326.00"
"2";"Refined Bronze Mouse";"344.00"
"3";"Rustic Cotton Sausages";"106.00"
"4";"Luxurious Fresh Sausages";"719.00"
"5";"Ergonomic Frozen Pizza";"600.00"
"6";"Awesome Granite Chicken";"134.00"
"7";"Generic Metal Chips";"756.00"
"8";"Generic Granite Bike";"844.00"
"9";"Generic Concrete Pizza";"665.00"
"10";"Gorgeous Rubber Tuna";"173.00"
"11";"Fantastic Metal Ball";"368.00"
"12";"Handcrafted Granite Car";"377.00"
"13";"Rustic Rubber Fish";"29.00"
"14";"Handmade Frozen Bike";"467.00"
"15";"Incredible Steel Cheese";"485.00"
"16";"Recycled Metal Chicken";"979.00"
"17";"Small Metal Salad";"754.00"
"18";"Sleek Plastic Shirt";"479.00"
"19";"Tasty Metal Shirt";"240.00"
"20";"Sleek Plastic Chips";"593.00"
"21";"Luxurious Cotton Cheese";"882.00"
"22";"Refined Rubber Salad";"799.00"
"23";"Unbranded Wooden Pants";"265.00"
"24";"Bespoke Metal Chair";"207.00"
"25";"Sleek Bronze Hat";"877.00"
"26";"Generic Concrete Chips";"177.00"
"27";"Oriental Bronze Table";"497.00"
"28";"Refined Cotton Chicken";"571.00"
"29";"Refined Plastic Shoes";"448.00"
"30";"Incredible Rubber Table";"732.00"
"31";"Incredible Frozen Bacon";"503.00"
"32";"Handmade Cotton Computer";"151.00"
"33";"Modern Granite Fish";"397.00"
"34";"Incredible Soft Shoes";"483.00"
"35";"Licensed Soft Cheese";"450.00"
"36";"Handcrafted Steel Bacon";"486.00"
"37";"Licensed Bronze Table";"823.00"
"38";"Electronic Cotton Ball";"409.00"
"39";"Generic Granite Pants";"397.00"
"40";"Handcrafted Bronze Sausages";"558.00"
"41";"Incredible Fresh Mouse";"513.00"
"42";"Generic Rubber Cheese";"745.00"
"43";"Small Fresh Ball";"546.00"
"44";"Tasty Wooden Shoes";"407.00"
"45";"Handcrafted Rubber Sausages";"49.00"
"46";"Modern Granite Table";"715.00"
"47";"Awesome Bronze Bacon";"33.00"
"48";"Unbranded Concrete Towels";"270.00"
"49";"Handcrafted Rubber Table";"479.00"
"50";"Licensed Plastic Towels";"939.00"
"51";"Awesome Soft Hat";"661.00"
"52";"Incredible Granite Shoes";"717.00"
"53";"Intelligent Fresh Bike";"240.00"
"54";"Tasty Granite Salad";"1000.00"
"55";"Generic Soft Shirt";"257.00"
"56";"Licensed Rubber Bacon";"333.00"
"57";"Luxurious Wooden Salad";"25.00"
"58";"Bespoke Granite Shoes";"459.00"
"59";"Licensed Granite Car";"255.00"
"60";"Elegant Wooden Tuna";"357.00"
"61";"Modern Bronze Hat";"778.00"
"62";"Ergonomic Wooden Gloves";"366.00"
"63";"Generic Rubber Tuna";"541.00"
"64";"Sleek Soft Cheese";"142.00"
"65";"Modern Rubber Pants";"871.00"
"66";"Ergonomic Wooden Fish";"739.00"
"67";"Luxurious Rubber Towels";"676.00"
"68";"Awesome Soft Car";"907.00"
"69";"Sleek Metal Mouse";"4.00"
"70";"Oriental Soft Hat";"990.00"
"71";"Bespoke Steel Computer";"861.00"
"72";"Gorgeous Rubber Ball";"576.00"
"73";"Handmade Cotton Salad";"595.00"
"74";"Handcrafted Bronze Bike";"11.00"
"75";"Small Rubber Sausages";"874.00"
"76";"Licensed Granite Mouse";"476.00"
"77";"Small Cotton Chips";"969.00"
"78";"Refined Fresh Sausages";"383.00"
"79";"Handmade Rubber Salad";"682.00"
"80";"Gorgeous Wooden Chair";"166.00"
"81";"Practical Rubber Towels";"942.00"
"82";"Generic Steel Salad";"207.00"
"83";"Small Plastic Shoes";"86.00"
"84";"Handcrafted Fresh Shoes";"819.00"
"85";"Rustic Frozen Cheese";"316.00"
"86";"Practical Frozen Bacon";"84.00"
"87";"Sleek Rubber Sausages";"166.00"
"88";"Oriental Soft Hat";"561.00"
"89";"Handcrafted Plastic Mouse";"359.00"
"90";"Fantastic Wooden Bike";"287.00"
"91";"Generic Concrete Pizza";"340.00"
"92";"Fantastic Concrete Tuna";"837.00"
"93";"Licensed Frozen Pizza";"625.00"
"94";"Fantastic Rubber Ball";"362.00"
"95";"Intelligent Metal Hat";"47.00"
"96";"Rustic Cotton Hat";"232.00"
"97";"Recycled Plastic Mouse";"302.00"
"98";"Fantastic Granite Bacon";"534.00"
"99";"Recycled Cotton Keyboard";"424.00"
"100";"Intelligent Wooden Bike";"224.00"
"101";"Handcrafted Steel Pants";"436.00"
"102";"Elegant Bronze Sausages";"712.00"
"103";"Bespoke Wooden Pizza";"358.00"
"104";"Unbranded Frozen Bike";"859.00"
"105";"Handmade Steel Soap";"601.00"
"106";"Incredible Bronze Sausages";"550.00"
"107";"Elegant Plastic Pizza";"430.00"
"108";"Elegant Plastic Shoes";"403.00"
"109";"Generic Granite Ball";"80.00"
"110";"Tasty Steel Soap";"936.00"
"111";"Modern Cotton Computer";"886.00"
"112";"Unbranded Rubber Sausages";"605.00"
"113";"Gorgeous Cotton Cheese";"71.00"
"114";"Practical Concrete Tuna";"348.00"
"115";"Incredible Frozen Sausages";"700.00"
"116";"Small Rubber Shirt";"708.00"
"117";"Sleek Rubber Towels";"242.00"
"118";"Luxurious Bronze Gloves";"413.00"
"119";"Rustic Wooden Hat";"566.00"
"120";"Refined Frozen Table";"723.00"
"121";"Rustic Fresh Sausages";"652.00"
"122";"Intelligent Plastic Towels";"1000.00"
"123";"Electronic Cotton Ball";"427.00"
"124";"Handcrafted Concrete Shoes";"371.00"
"125";"Bespoke Frozen Chicken";"46.00"
"126";"Sleek Cotton Keyboard";"279.00"
"127";"Generic Metal Ball";"763.00"
"128";"Elegant Steel Hat";"769.00"
"129";"Recycled Rubber Towels";"662.00"
"130";"Intelligent Cotton Salad";"370.00"
"131";"Refined Granite Keyboard";"273.00"
"132";"Tasty Rubber Chips";"670.00"
"133";"Luxurious Fresh Sausages";"107.00"
"134";"Handcrafted Bronze Pants";"264.00"
"135";"Electronic Plastic Gloves";"197.00"
"136";"Luxurious Wooden Table";"65.00"
"137";"Bespoke Granite Table";"680.00"
"138";"Tasty Plastic Fish";"753.00"
"139";"Incredible Steel Fish";"458.00"
"140";"Generic Fresh Sausages";"21.00"
"141";"Practical Fresh Pants";"543.00"
"142";"Licensed Plastic Gloves";"568.00"
"143";"Incredible Concrete Chicken";"256.00"
"144";"Luxurious Granite Car";"260.00"
"145";"Small Fresh Tuna";"69.00"
"146";"Refined Metal Computer";"621.00"
"147";"Oriental Granite Cheese";"898.00"
"148";"Luxurious Plastic Ball";"638.00"
"149";"Electronic Rubber Shirt";"485.00"
"150";"Small Soft Pants";"163.00"
"151";"Rustic Metal Keyboard";"40.00"
"152";"Tasty Concrete Pants";"949.00"
"153";"Fantastic Granite Tuna";"169.00"
"154";"Oriental Steel Pants";"675.00"
"155";"Recycled Plastic Shoes";"690.00"
"156";"Fantastic Steel Fish";"611.00"
"157";"Fantastic Steel Hat";"971.00"
"158";"Ergonomic Concrete Table";"704.00"
"159";"Handcrafted Wooden Cheese";"161.00"
"160";"Small Metal Sausages";"384.00"
"161";"Sleek Fresh Fish";"172.00"
"162";"Electronic Soft Hat";"319.00"
"163";"Bespoke Concrete Bacon";"296.00"
"164";"Tasty Metal Chicken";"293.00"
"165";"Practical Granite Pizza";"85.00"
"166";"Fantastic Plastic Gloves";"21.00"
"167";"Tasty Fresh Ball";"993.00"
"168";"Rustic Concrete Soap";"263.00"
"169";"Tasty Plastic Soap";"277.00"
"170";"Sleek Metal Computer";"668.00"
"171";"Recycled Frozen Shirt";"291.00"
"172";"Rustic Bronze Towels";"434.00"
"173";"Small Bronze Chair";"979.00"
"174";"Electronic Soft Chicken";"755.00"
"175";"Small Rubber Cheese";"591.00"
"176";"Handcrafted Soft Bacon";"711.00"
"177";"Bespoke Granite Cheese";"82.00"
"178";"Small Rubber Bike";"26.00"
"179";"Small Granite Bike";"185.00"
"180";"Rustic Wooden Bacon";"38.00"
"181";"Practical Wooden Pizza";"487.00"
"182";"Practical Steel Towels";"110.00"
"183";"Electronic Soft Shoes";"888.00"
"184";"Tasty Cotton Towels";"707.00"
"185";"Small Wooden Table";"886.00"
"186";"Oriental Soft Chair";"148.00"
"187";"Awesome Bronze Soap";"205.00"
"188";"Luxurious Concrete Computer";"155.00"
"189";"Gorgeous Plastic Table";"314.00"
"190";"Incredible Rubber Chicken";"484.00"
"191";"Fantastic Plastic Car";"125.00"
"192";"Licensed Metal Hat";"247.00"
"193";"Incredible Cotton Sausages";"398.00"
"194";"Oriental Plastic Pants";"538.00"
"195";"Oriental Cotton Fish";"36.00"
"196";"Gorgeous Cotton Chair";"922.00"
"197";"Refined Fresh Bike";"493.00"
"198";"Bespoke Fresh Shoes";"211.00"
"199";"Refined Steel Pants";"372.00"
"200";"Intelligent Steel Fish";"303.00"
"201";"Rustic Soft Pants";"481.00"
"202";"Unbranded Metal Fish";"79.00"
"203";"Incredible Bronze Fish";"469.00"
"204";"Oriental Metal Towels";"544.00"
"205";"Sleek Cotton Sausages";"782.00"
"206";"Awesome Granite Mouse";"620.00"
"207";"Electronic Rubber Towels";"713.00"
"208";"Oriental Cotton Bacon";"212.00"
"209";"Tasty Steel Hat";"697.00"
"210";"Recycled Rubber Computer";"777.00"
"211";"Rustic Plastic Shoes";"695.00"
"212";"Incredible Steel Salad";"656.00"
"213";"Incredible Granite Salad";"531.00"
"214";"Tasty Cotton Hat";"46.00"
"215";"Generic Metal Keyboard";"210.00"
"216";"Luxurious Plastic Gloves";"539.00"
"217";"Handmade Metal Keyboard";"774.00"
"218";"Bespoke Concrete Bacon";"855.00"
"219";"Modern Soft Computer";"819.00"
"220";"Ergonomic Bronze Gloves";"77.00"
"221";"Modern Concrete Cheese";"205.00"
"222";"Bespoke Cotton Tuna";"960.00"
"223";"Licensed Fresh Car";"124.00"
"224";"Intelligent Cotton Chair";"612.00"
"225";"Tasty Plastic Shirt";"213.00"
"226";"Generic Frozen Sausages";"792.00"
"227";"Rustic Cotton Chips";"105.00"
"228";"Practical Bronze Pants";"2.00"
"229";"Modern Cotton Bacon";"69.00"
"230";"Intelligent Bronze Sausages";"512.00"
"231";"Modern Wooden Sausages";"792.00"
"232";"Handmade Fresh Car";"142.00"
"233";"Modern Concrete Bike";"806.00"
"234";"Handmade Plastic Fish";"757.00"
"235";"Gorgeous Soft Gloves";"153.00"
"236";"Small Bronze Pizza";"657.00"
"237";"Fantastic Wooden Gloves";"775.00"
"238";"Handmade Granite Hat";"328.00"
"239";"Modern Frozen Table";"907.00"
"240";"Tasty Wooden Fish";"433.00"
"241";"Refined Rubber Salad";"576.00"
"242";"Refined Cotton Mouse";"737.00"
"243";"Licensed Cotton Cheese";"729.00"
"244";"Refined Frozen Chips";"398.00"
"245";"Gorgeous Steel Cheese";"434.00"
"246";"Incredible Fresh Chips";"720.00"
"247";"Incredible Granite Shirt";"641.00"
"248";"Refined Bronze Tuna";"135.00"
"249";"Luxurious Granite Fish";"17.00"
"250";"Luxurious Steel Mouse";"331.00"
"251";"Unbranded Bronze Bike";"195.00"
"252";"Modern Concrete Chicken";"634.00"
"253";"Elegant Soft Gloves";"426.00"
"254";"Handmade Metal Ball";"544.00"
"255";"Bespoke Granite Computer";"28.00"
"256";"Bespoke Rubber Pizza";"304.00"
"257";"Rustic Plastic Tuna";"905.00"
"258";"Tasty Plastic Car";"24.00"
"259";"Refined Metal Bacon";"913.00"
"260";"Gorgeous Bronze Gloves";"740.00"
"261";"Electronic Bronze Towels";"856.00"
"262";"Rustic Fresh Car";"272.00"
"263";"Handmade Metal Computer";"351.00"
"264";"Recycled Plastic Tuna";"747.00"
"265";"Practical Steel Soap";"93.00"
"266";"Oriental Rubber Fish";"307.00"
"267";"Electronic Soft Pants";"423.00"
"268";"Tasty Steel Table";"871.00"
"269";"Elegant Frozen Chair";"342.00"
"270";"Licensed Concrete Sausages";"996.00"
"271";"Luxurious Plastic Table";"590.00"
"272";"Tasty Metal Fish";"363.00"
"273";"Gorgeous Steel Sausages";"385.00"
"274";"Ergonomic Cotton Pants";"319.00"
"275";"Generic Cotton Bike";"190.00"
"276";"Electronic Cotton Pizza";"550.00"
"277";"Bespoke Cotton Car";"917.00"
"278";"Tasty Wooden Gloves";"992.00"
"279";"Handcrafted Soft Gloves";"747.00"
"280";"Bespoke Fresh Pants";"663.00"
"281";"Handcrafted Granite Computer";"254.00"
"282";"Ergonomic Granite Shoes";"150.00"
"283";"Incredible Bronze Table";"970.00"
"284";"Gorgeous Steel Table";"559.00"
"285";"Gorgeous Fresh Chicken";"671.00"
"286";"Incredible Bronze Pants";"368.00"
"287";"Sleek Frozen Table";"367.00"
"288";"Refined Metal Sausages";"851.00"
"289";"Handcrafted Concrete Soap";"451.00"
"290";"Refined Rubber Chicken";"259.00"
"291";"Oriental Frozen Chicken";"196.00"
"292";"Tasty Bronze Towels";"208.00"
"293";"Oriental Soft Shoes";"13.00"
"294";"Luxurious Plastic Salad";"845.00"
"295";"Recycled Metal Pants";"5.00"
"296";"Awesome Rubber Shoes";"468.00"
"297";"Practical Steel Pizza";"609.00"
"298";"Elegant Bronze Computer";"371.00"
"299";"Handcrafted Rubber Bacon";"843.00"
"300";"Rustic Cotton Hat";"502.00"
"301";"Rustic Rubber Table";"399.00"
"302";"Tasty Plastic Chair";"582.00"
"303";"Ergonomic Cotton Pizza";"715.00"
"304";"Ergonomic Fresh Bike";"393.00"
"305";"Sleek Frozen Chips";"189.00"
"306";"Sleek Fresh Car";"916.00"
"307";"Practical Concrete Bike";"989.00"
"308";"Tasty Steel Bacon";"275.00"
"309";"Bespoke Rubber Hat";"717.00"
"310";"Gorgeous Metal Shoes";"710.00"
"311";"Electronic Soft Bike";"344.00"
"312";"Handcrafted Wooden Keyboard";"309.00"
"313";"Awesome Fresh Cheese";"607.00"
"314";"Handcrafted Metal Pizza";"286.00"
"315";"Recycled Metal Pizza";"217.00"
"316";"Gorgeous Metal Bike";"292.00"
"317";"Modern Cotton Chair";"359.00"
"318";"Intelligent Cotton Fish";"375.00"
"319";"Small Cotton Shirt";"212.00"
"320";"Ergonomic Frozen Shirt";"727.00"
"321";"Intelligent Frozen Cheese";"935.00"
"322";"Handcrafted Cotton Gloves";"970.00"
"323";"Incredible Cotton Chips";"574.00"
"324";"Small Cotton Bike";"472.00"
"325";"Bespoke Granite Bike";"697.00"
"326";"Small Steel Pants";"631.00"
"327";"Gorgeous Frozen Chips";"122.00"
"328";"Practical Fresh Keyboard";"853.00"
"329";"Electronic Granite Pizza";"202.00"
"330";"Gorgeous Cotton Bacon";"829.00"
"331";"Unbranded Rubber Fish";"373.00"
"332";"Rustic Plastic Bacon";"18.00"
"333";"Refined Granite Mouse";"955.00"
"334";"Intelligent Wooden Tuna";"784.00"
"335";"Bespoke Wooden Shoes";"725.00"
"336";"Handcrafted Granite Chicken";"773.00"
"337";"Awesome Plastic Soap";"691.00"
"338";"Ergonomic Concrete Gloves";"660.00"
"339";"Unbranded Soft Sausages";"437.00"
"340";"Elegant Granite Hat";"440.00"
"341";"Elegant Cotton Chair";"908.00"
"342";"Elegant Fresh Fish";"443.00"
"343";"Bespoke Cotton Ball";"200.00"
"344";"Luxurious Rubber Keyboard";"778.00"
"345";"Small Wooden Sausages";"544.00"
"346";"Incredible Cotton Shirt";"880.00"
"347";"Modern Wooden Hat";"835.00"
"348";"Refined Bronze Towels";"908.00"
"349";"Awesome Wooden Chair";"662.00"
"350";"Handmade Concrete Gloves";"998.00"
"351";"Incredible Metal Gloves";"755.00"
"352";"Fantastic Frozen Table";"228.00"
"353";"Modern Rubber Bike";"665.00"
"354";"Handmade Cotton Hat";"431.00"
"355";"Practical Concrete Towels";"493.00"
"356";"Rustic Plastic Bike";"335.00"
"357";"Elegant Soft Cheese";"502.00"
"358";"Refined Rubber Bike";"626.00"
"359";"Generic Plastic Keyboard";"427.00"
"360";"Bespoke Cotton Chips";"645.00"
"361";"Handmade Bronze Gloves";"131.00"
"362";"Modern Cotton Table";"399.00"
"363";"Electronic Frozen Pizza";"949.00"
"364";"Sleek Fresh Bacon";"797.00"
"365";"Bespoke Cotton Bike";"245.00"
"366";"Recycled Rubber Salad";"336.00"
"367";"Recycled Plastic Ball";"236.00"
"368";"Sleek Soft Salad";"803.00"
"369";"Small Concrete Pants";"744.00"
"370";"Tasty Soft Ball";"679.00"
"371";"Refined Granite Tuna";"234.00"
"372";"Intelligent Steel Chair";"111.00"
"373";"Electronic Bronze Shirt";"5.00"
"374";"Intelligent Frozen Fish";"678.00"
"375";"Handmade Cotton Soap";"642.00"
"376";"Rustic Fresh Bike";"619.00"
"377";"Rustic Fresh Pizza";"76.00"
"378";"Recycled Steel Hat";"426.00"
"379";"Electronic Soft Bacon";"385.00"
"380";"Sleek Plastic Pants";"135.00"
"381";"Electronic Steel Hat";"558.00"
"382";"Awesome Wooden Towels";"170.00"
"383";"Recycled Wooden Table";"227.00"
"384";"Unbranded Rubber Sausages";"704.00"
"385";"Awesome Frozen Towels";"724.00"
"386";"Bespoke Plastic Gloves";"403.00"
"387";"Unbranded Cotton Chair";"682.00"
"388";"Practical Steel Shoes";"72.00"
"389";"Generic Bronze Soap";"892.00"
"390";"Gorgeous Frozen Chair";"998.00"
"391";"Sleek Cotton Shoes";"763.00"
"392";"Rustic Fresh Salad";"582.00"
"393";"Refined Granite Keyboard";"31.00"
"394";"Fantastic Plastic Chicken";"486.00"
"395";"Bespoke Fresh Hat";"730.00"
"396";"Ergonomic Plastic Keyboard";"176.00"
"397";"Practical Fresh Cheese";"818.00"
"398";"Recycled Rubber Mouse";"413.00"
"399";"Sleek Cotton Towels";"878.00"
"400";"Bespoke Bronze Bike";"388.00"
"401";"Generic Wooden Bacon";"917.00"
"402";"Sleek Fresh Bike";"372.00"
"403";"Ergonomic Metal Cheese";"265.00"
"404";"Intelligent Fresh Table";"572.00"
"405";"Licensed Concrete Pants";"638.00"
"406";"Gorgeous Rubber Salad";"619.00"
"407";"Tasty Rubber Fish";"416.00"
"408";"Licensed Soft Ball";"337.00"
"409";"Sleek Fresh Ball";"145.00"
"410";"Unbranded Wooden Computer";"338.00"
"411";"Refined Rubber Pants";"870.00"
"412";"Fantastic Frozen Gloves";"685.00"
"413";"Recycled Wooden Pants";"358.00"
"414";"Sleek Metal Chips";"780.00"
"415";"Sleek Cotton Salad";"14.00"
"416";"Generic Frozen Hat";"692.00"
"417";"Oriental Cotton Shirt";"664.00"
"418";"Handcrafted Rubber Car";"715.00"
"419";"Electronic Plastic Keyboard";"886.00"
"420";"Awesome Rubber Cheese";"597.00"
"421";"Electronic Fresh Chicken";"362.00"
"422";"Handmade Wooden Pizza";"290.00"
"423";"Fantastic Metal Cheese";"176.00"
"424";"Gorgeous Granite Fish";"952.00"
"425";"Awesome Steel Shirt";"894.00"
"426";"Incredible Granite Mouse";"592.00"
"427";"Generic Soft Pants";"992.00"
"428";"Elegant Plastic Shirt";"395.00"
"429";"Recycled Frozen Chips";"939.00"
"430";"Handmade Concrete Sausages";"485.00"
"431";"Unbranded Wooden Bike";"404.00"
"432";"Rustic Plastic Pizza";"39.00"
"433";"Luxurious Fresh Chips";"574.00"
"434";"Licensed Granite Salad";"161.00"
"435";"Handmade Fresh Table";"368.00"
"436";"Handmade Wooden Fish";"41.00"
"437";"Sleek Fresh Hat";"140.00"
"438";"Unbranded Plastic Car";"97.00"
"439";"Elegant Metal Chair";"412.00"
"440";"Licensed Frozen Sausages";"874.00"
"441";"Licensed Frozen Pants";"370.00"
"442";"Modern Frozen Computer";"176.00"
"443";"Modern Plastic Bike";"960.00"
"444";"Oriental Rubber Pizza";"536.00"
"445";"Recycled Steel Pizza";"397.00"
"446";"Bespoke Cotton Chips";"864.00"
"447";"Sleek Plastic Chicken";"352.00"
"448";"Handcrafted Steel Computer";"127.00"
"449";"Licensed Steel Chair";"352.00"
"450";"Gorgeous Metal Chair";"371.00"
"451";"Handmade Fresh Gloves";"984.00"
"452";"Fantastic Plastic Hat";"221.00"
"453";"Small Fresh Table";"409.00"
"454";"Rustic Metal Table";"792.00"
"455";"Modern Wooden Pants";"976.00"
"456";"Luxurious Soft Pizza";"60.00"
"457";"Tasty Wooden Shoes";"54.00"
"458";"Handcrafted Frozen Gloves";"539.00"
"459";"Small Cotton Cheese";"269.00"
"460";"Ergonomic Bronze Pants";"758.00"
"461";"Tasty Frozen Bike";"371.00"
"462";"Incredible Frozen Towels";"560.00"
"463";"Handcrafted Plastic Sausages";"884.00"
"464";"Luxurious Fresh Pizza";"736.00"
"465";"Bespoke Granite Tuna";"790.00"
"466";"Gorgeous Wooden Chips";"197.00"
"467";"Modern Soft Bike";"833.00"
"468";"Elegant Fresh Car";"313.00"
"469";"Unbranded Soft Cheese";"992.00"
"470";"Handcrafted Steel Mouse";"167.00"
"471";"Oriental Plastic Cheese";"228.00"
"472";"Refined Metal Mouse";"857.00"
"473";"Refined Concrete Pants";"969.00"
"474";"Luxurious Metal Hat";"37.00"
"475";"Bespoke Frozen Pizza";"474.00"
"476";"Electronic Metal Chips";"789.00"
"477";"Incredible Cotton Tuna";"907.00"
"478";"Licensed Steel Mouse";"180.00"
"479";"Gorgeous Soft Towels";"948.00"
"480";"Refined Granite Ball";"834.00"
"481";"Recycled Rubber Hat";"922.00"
"482";"Unbranded Soft Pants";"245.00"
"483";"Electronic Cotton Sausages";"626.00"
"484";"Refined Cotton Bike";"351.00"
"485";"Handmade Rubber Chair";"703.00"
"486";"Sleek Wooden Computer";"996.00"
"487";"Awesome Granite Soap";"231.00"
"488";"Electronic Fresh Computer";"117.00"
"489";"Awesome Frozen Keyboard";"94.00"
"490";"Practical Soft Ball";"724.00"
"491";"Sleek Granite Towels";"747.00"
"492";"Licensed Frozen Pizza";"345.00"
"493";"Unbranded Cotton Towels";"428.00"
"494";"Practical Metal Shoes";"574.00"
"495";"Handcrafted Plastic Towels";"56.00"
"496";"Incredible Granite Table";"278.00"
"497";"Tasty Concrete Gloves";"121.00"
"498";"Generic Granite Chicken";"919.00"
"499";"Sleek Frozen Gloves";"251.00"
"500";"Small Granite Shirt";"38.00"
"501";"Gorgeous Frozen Cheese";"225.00"
"502";"Sleek Cotton Towels";"312.00"
"503";"Handmade Soft Towels";"320.00"
"504";"Intelligent Fresh Salad";"696.00"
"505";"Licensed Fresh Chips";"539.00"
"506";"Recycled Soft Pizza";"487.00"
"507";"Unbranded Bronze Sausages";"921.00"
"508";"Small Frozen Table";"176.00"
"509";"Practical Bronze Shoes";"96.00"
"510";"Sleek Plastic Sausages";"139.00"
"511";"Modern Steel Chips";"578.00"
"512";"Refined Wooden Bike";"586.00"
"513";"Luxurious Concrete Salad";"411.00"
"514";"Sleek Steel Shirt";"353.00"
"515";"Recycled Metal Towels";"538.00"
"516";"Modern Steel Shoes";"587.00"
"517";"Ergonomic Cotton Bike";"943.00"
"518";"Unbranded Metal Chair";"116.00"
"519";"Elegant Granite Car";"55.00"
"520";"Ergonomic Plastic Bacon";"539.00"
"521";"Intelligent Steel Chicken";"734.00"
"522";"Awesome Concrete Pizza";"417.00"
"523";"Sleek Metal Salad";"807.00"
"524";"Practical Granite Salad";"97.00"
"525";"Handmade Soft Salad";"180.00"
"526";"Tasty Cotton Mouse";"591.00"
"527";"Rustic Bronze Fish";"464.00"
"528";"Generic Soft Ball";"340.00"
"529";"Bespoke Metal Salad";"952.00"
"530";"Refined Cotton Bike";"800.00"
"531";"Generic Cotton Chicken";"588.00"
"532";"Tasty Steel Ball";"385.00"
"533";"Incredible Steel Shoes";"533.00"
"534";"Handcrafted Wooden Bike";"604.00"
"535";"Refined Soft Towels";"537.00"
"536";"Refined Bronze Pants";"18.00"
"537";"Refined Bronze Car";"851.00"
"538";"Gorgeous Wooden Cheese";"951.00"
"539";"Ergonomic Frozen Table";"28.00"
"540";"Small Wooden Shirt";"627.00"
"541";"Luxurious Plastic Soap";"137.00"
"542";"Oriental Steel Shirt";"869.00"
"543";"Handcrafted Soft Cheese";"720.00"
"544";"Generic Frozen Fish";"610.00"
"545";"Oriental Granite Gloves";"272.00"
"546";"Intelligent Wooden Chicken";"788.00"
"547";"Generic Rubber Salad";"559.00"
"548";"Handcrafted Concrete Pizza";"967.00"
"549";"Fantastic Concrete Soap";"750.00"
"550";"Luxurious Rubber Shirt";"579.00"
"551";"Oriental Granite Bike";"654.00"
"552";"Fantastic Frozen Shoes";"350.00"
"553";"Bespoke Bronze Salad";"389.00"
"554";"Recycled Bronze Gloves";"444.00"
"555";"Small Granite Pizza";"354.00"
"556";"Sleek Metal Table";"492.00"
"557";"Refined Steel Sausages";"826.00"
"558";"Oriental Cotton Fish";"261.00"
"559";"Oriental Fresh Computer";"628.00"
"560";"Intelligent Granite Salad";"60.00"
"561";"Luxurious Plastic Chips";"498.00"
"562";"Electronic Bronze Fish";"484.00"
"563";"Handcrafted Cotton Chair";"483.00"
"564";"Bespoke Rubber Computer";"777.00"
"565";"Modern Plastic Hat";"915.00"
"566";"Awesome Granite Pizza";"81.00"
"567";"Handcrafted Metal Tuna";"687.00"
"568";"Fantastic Cotton Shirt";"584.00"
"569";"Handcrafted Frozen Fish";"327.00"
"570";"Intelligent Steel Mouse";"626.00"
"571";"Luxurious Frozen Salad";"119.00"
"572";"Handmade Fresh Computer";"810.00"
"573";"Rustic Bronze Chips";"547.00"
"574";"Practical Bronze Table";"175.00"
"575";"Bespoke Frozen Pizza";"429.00"
"576";"Generic Rubber Salad";"542.00"
"577";"Practical Concrete Chicken";"532.00"
"578";"Luxurious Steel Soap";"202.00"
"579";"Unbranded Cotton Bike";"17.00"
"580";"Gorgeous Fresh Keyboard";"889.00"
"581";"Ergonomic Metal Shoes";"439.00"
"582";"Gorgeous Concrete Towels";"204.00"
"583";"Awesome Bronze Keyboard";"334.00"
"584";"Oriental Granite Gloves";"113.00"
"585";"Electronic Frozen Mouse";"444.00"
"586";"Refined Fresh Sausages";"249.00"
"587";"Unbranded Wooden Mouse";"498.00"
"588";"Licensed Steel Keyboard";"443.00"
"589";"Refined Bronze Pants";"3.00"
"590";"Ergonomic Rubber Keyboard";"78.00"
"591";"Generic Granite Soap";"778.00"
"592";"Small Fresh Shoes";"755.00"
"593";"Modern Metal Ball";"968.00"
"594";"Handmade Steel Ball";"120.00"
"595";"Ergonomic Plastic Bike";"698.00"
"596";"Small Frozen Cheese";"378.00"
"597";"Intelligent Rubber Salad";"370.00"
"598";"Rustic Cotton Salad";"276.00"
"599";"Incredible Plastic Fish";"356.00"
"600";"Unbranded Fresh Ball";"859.00"
"601";"Small Metal Pizza";"915.00"
"602";"Fantastic Bronze Bike";"468.00"
"603";"Practical Granite Hat";"635.00"
"604";"Handmade Fresh Bacon";"647.00"
"605";"Elegant Wooden Chicken";"763.00"
"606";"Refined Frozen Soap";"964.00"
"607";"Intelligent Granite Chicken";"96.00"
"608";"Sleek Fresh Fish";"549.00"
"609";"Refined Soft Hat";"292.00"
"610";"Sleek Bronze Chair";"437.00"
"611";"Electronic Wooden Sausages";"346.00"
"612";"Tasty Wooden Table";"180.00"
"613";"Elegant Steel Tuna";"582.00"
"614";"Generic Steel Pizza";"224.00"
"615";"Refined Frozen Tuna";"643.00"
"616";"Modern Steel Shirt";"847.00"
"617";"Awesome Cotton Gloves";"452.00"
"618";"Rustic Plastic Chicken";"265.00"
"619";"Refined Bronze Chair";"29.00"
"620";"Luxurious Cotton Chips";"460.00"
"621";"Licensed Metal Ball";"406.00"
"622";"Awesome Bronze Soap";"34.00"
"623";"Recycled Fresh Chips";"707.00"
"624";"Sleek Plastic Pants";"378.00"
"625";"Fantastic Frozen Pants";"757.00"
"626";"Gorgeous Steel Chips";"483.00"
"627";"Elegant Metal Car";"103.00"
"628";"Handcrafted Wooden Chicken";"145.00"
"629";"Ergonomic Concrete Chair";"422.00"
"630";"Gorgeous Plastic Gloves";"765.00"
"631";"Unbranded Plastic Table";"468.00"
"632";"Practical Bronze Towels";"30.00"
"633";"Rustic Metal Soap";"890.00"
"634";"Recycled Frozen Pants";"369.00"
"635";"Fantastic Metal Car";"419.00"
"636";"Generic Bronze Sausages";"694.00"
"637";"Incredible Fresh Bike";"576.00"
"638";"Rustic Plastic Keyboard";"388.00"
"639";"Incredible Frozen Chips";"880.00"
"640";"Handmade Cotton Pants";"539.00"
"641";"Licensed Wooden Fish";"499.00"
"642";"Awesome Granite Mouse";"143.00"
"643";"Gorgeous Cotton Fish";"639.00"
"644";"Sleek Rubber Chips";"806.00"
"645";"Generic Wooden Tuna";"580.00"
"646";"Incredible Rubber Soap";"68.00"
"647";"Sleek Plastic Computer";"432.00"
"648";"Awesome Metal Gloves";"678.00"
"649";"Oriental Soft Table";"964.00"
"650";"Practical Frozen Chicken";"110.00"
"651";"Intelligent Plastic Fish";"213.00"
"652";"Luxurious Granite Tuna";"27.00"
"653";"Sleek Rubber Car";"35.00"
"654";"Licensed Concrete Mouse";"139.00"
"655";"Fantastic Wooden Salad";"403.00"
"656";"Sleek Bronze Chips";"128.00"
"657";"Ergonomic Cotton Bike";"574.00"
"658";"Generic Soft Salad";"124.00"
"659";"Handmade Rubber Table";"956.00"
"660";"Gorgeous Fresh Pants";"897.00"
"661";"Small Bronze Fish";"492.00"
"662";"Bespoke Steel Mouse";"334.00"
"663";"Bespoke Wooden Pants";"723.00"
"664";"Luxurious Plastic Chair";"16.00"
"665";"Bespoke Soft Soap";"959.00"
"666";"Recycled Frozen Car";"546.00"
"667";"Small Steel Chicken";"95.00"
"668";"Recycled Soft Mouse";"398.00"
"669";"Tasty Bronze Pizza";"842.00"
"670";"Intelligent Metal Salad";"29.00"
"671";"Handmade Rubber Salad";"521.00"
"672";"Unbranded Wooden Pizza";"387.00"
"673";"Practical Rubber Shirt";"569.00"
"674";"Fantastic Metal Chips";"837.00"
"675";"Intelligent Bronze Gloves";"468.00"
"676";"Oriental Metal Shirt";"418.00"
"677";"Gorgeous Frozen Bike";"324.00"
"678";"Licensed Metal Bacon";"519.00"
"679";"Bespoke Wooden Bacon";"980.00"
"680";"Handcrafted Cotton Salad";"236.00"
"681";"Licensed Rubber Gloves";"763.00"
"682";"Unbranded Concrete Tuna";"12.00"
"683";"Recycled Plastic Salad";"365.00"
"684";"Electronic Fresh Chicken";"139.00"
"685";"Ergonomic Plastic Pizza";"725.00"
"686";"Modern Fresh Mouse";"47.00"
"687";"Incredible Bronze Bike";"397.00"
"688";"Bespoke Cotton Towels";"926.00"
"689";"Ergonomic Wooden Shoes";"932.00"
"690";"Sleek Bronze Bacon";"844.00"
"691";"Handmade Wooden Pants";"337.00"
"692";"Generic Concrete Pants";"132.00"
"693";"Generic Frozen Chicken";"603.00"
"694";"Electronic Metal Mouse";"138.00"
"695";"Bespoke Soft Shirt";"78.00"
"696";"Awesome Metal Soap";"887.00"
"697";"Sleek Concrete Chips";"339.00"
"698";"Small Wooden Table";"394.00"
"699";"Unbranded Bronze Car";"577.00"
"700";"Elegant Fresh Ball";"854.00"
"701";"Unbranded Plastic Tuna";"865.00"
"702";"Bespoke Fresh Shirt";"873.00"
"703";"Sleek Concrete Chair";"625.00"
"704";"Luxurious Fresh Cheese";"231.00"
"705";"Modern Frozen Sausages";"167.00"
"706";"Practical Fresh Chair";"554.00"
"707";"Luxurious Soft Shirt";"109.00"
"708";"Handmade Steel Soap";"546.00"
"709";"Rustic Fresh Pizza";"34.00"
"710";"Tasty Frozen Chair";"240.00"
"711";"Elegant Wooden Table";"203.00"
"712";"Rustic Wooden Salad";"359.00"
"713";"Bespoke Bronze Shoes";"201.00"
"714";"Incredible Metal Mouse";"425.00"
"715";"Tasty Wooden Bacon";"665.00"
"716";"Rustic Soft Table";"647.00"
"717";"Incredible Fresh Ball";"744.00"
"718";"Unbranded Fresh Pizza";"480.00"
"719";"Awesome Soft Pants";"944.00"
"720";"Tasty Fresh Cheese";"983.00"
"721";"Fantastic Wooden Mouse";"535.00"
"722";"Small Wooden Gloves";"702.00"
"723";"Handcrafted Soft Computer";"462.00"
"724";"Sleek Cotton Salad";"562.00"
"725";"Refined Granite Tuna";"395.00"
"726";"Small Rubber Gloves";"527.00"
"727";"Handcrafted Metal Hat";"824.00"
"728";"Incredible Granite Table";"894.00"
"729";"Handcrafted Soft Towels";"774.00"
"730";"Small Rubber Car";"681.00"
"731";"Elegant Concrete Mouse";"410.00"
"732";"Oriental Wooden Cheese";"13.00"
"733";"Refined Granite Shirt";"136.00"
"734";"Oriental Soft Chair";"118.00"
"735";"Small Steel Ball";"828.00"
"736";"Awesome Plastic Chips";"727.00"
"737";"Intelligent Rubber Sausages";"400.00"
"738";"Luxurious Wooden Computer";"167.00"
"739";"Refined Steel Salad";"348.00"
"740";"Rustic Wooden Pants";"108.00"
"741";"Modern Cotton Mouse";"893.00"
"742";"Elegant Plastic Bike";"675.00"
"743";"Electronic Cotton Salad";"612.00"
"744";"Unbranded Bronze Bacon";"769.00"
"745";"Licensed Bronze Fish";"157.00"
"746";"Modern Frozen Salad";"127.00"
"747";"Practical Cotton Car";"441.00"
"748";"Licensed Granite Tuna";"747.00"
"749";"Ergonomic Cotton Keyboard";"222.00"
"750";"Small Plastic Shirt";"611.00"
"751";"Tasty Metal Hat";"938.00"
"752";"Handcrafted Fresh Tuna";"775.00"
"753";"Electronic Cotton Keyboard";"475.00"
"754";"Recycled Bronze Mouse";"992.00"
"755";"Ergonomic Concrete Shirt";"283.00"
"756";"Bespoke Metal Mouse";"943.00"
"757";"Bespoke Concrete Chicken";"626.00"
"758";"Unbranded Steel Chips";"375.00"
"759";"Handmade Plastic Soap";"583.00"
"760";"Intelligent Frozen Keyboard";"976.00"
"761";"Rustic Concrete Chair";"240.00"
"762";"Fantastic Concrete Table";"267.00"
"763";"Rustic Steel Hat";"647.00"
"764";"Generic Wooden Bike";"278.00"
"765";"Rustic Cotton Cheese";"547.00"
"766";"Sleek Steel Salad";"733.00"
"767";"Handcrafted Steel Fish";"470.00"
"768";"Incredible Steel Towels";"239.00"
"769";"Gorgeous Steel Bacon";"738.00"
"770";"Handcrafted Concrete Gloves";"378.00"
"771";"Tasty Bronze Salad";"634.00"
"772";"Tasty Soft Tuna";"31.00"
"773";"Bespoke Metal Pants";"99.00"
"774";"Handcrafted Frozen Chair";"558.00"
"775";"Tasty Rubber Bike";"723.00"
"776";"Oriental Fresh Chips";"912.00"
"777";"Ergonomic Concrete Car";"173.00"
"778";"Modern Granite Car";"705.00"
"779";"Refined Steel Table";"184.00"
"780";"Fantastic Granite Computer";"326.00"
"781";"Intelligent Plastic Pants";"855.00"
"782";"Oriental Fresh Towels";"535.00"
"783";"Oriental Concrete Chips";"435.00"
"784";"Fantastic Wooden Keyboard";"749.00"
"785";"Modern Concrete Table";"910.00"
"786";"Bespoke Fresh Soap";"112.00"
"787";"Tasty Wooden Pizza";"638.00"
"788";"Rustic Steel Hat";"908.00"
"789";"Generic Cotton Bike";"139.00"
"790";"Recycled Rubber Car";"470.00"
"791";"Tasty Concrete Bike";"898.00"
"792";"Luxurious Bronze Bike";"48.00"
"793";"Unbranded Fresh Shoes";"938.00"
"794";"Electronic Wooden Hat";"461.00"
"795";"Handcrafted Soft Shirt";"224.00"
"796";"Sleek Bronze Table";"653.00"
"797";"Generic Metal Fish";"416.00"
"798";"Modern Frozen Keyboard";"909.00"
"799";"Intelligent Rubber Fish";"487.00"
"800";"Rustic Wooden Fish";"487.00"
"801";"Practical Granite Car";"334.00"
"802";"Intelligent Bronze Chicken";"380.00"
"803";"Oriental Metal Sausages";"198.00"
"804";"Bespoke Rubber Table";"420.00"
"805";"Refined Frozen Pizza";"655.00"
"806";"Luxurious Frozen Soap";"398.00"
"807";"Refined Steel Table";"920.00"
"808";"Awesome Rubber Tuna";"407.00"
"809";"Ergonomic Frozen Chips";"654.00"
"810";"Licensed Frozen Tuna";"282.00"
"811";"Fantastic Wooden Pants";"482.00"
"812";"Sleek Frozen Gloves";"714.00"
"813";"Bespoke Fresh Hat";"449.00"
"814";"Sleek Wooden Chips";"732.00"
"815";"Small Concrete Chips";"609.00"
"816";"Oriental Cotton Ball";"845.00"
"817";"Ergonomic Soft Keyboard";"387.00"
"818";"Electronic Soft Hat";"107.00"
"819";"Electronic Rubber Car";"565.00"
"820";"Ergonomic Steel Keyboard";"903.00"
"821";"Handcrafted Steel Hat";"825.00"
"822";"Luxurious Steel Cheese";"949.00"
"823";"Luxurious Concrete Cheese";"230.00"
"824";"Bespoke Granite Pizza";"983.00"
"825";"Elegant Frozen Shirt";"475.00"
"826";"Practical Frozen Towels";"978.00"
"827";"Rustic Granite Pizza";"249.00"
"828";"Rustic Bronze Mouse";"479.00"
"829";"Generic Frozen Sausages";"465.00"
"830";"Electronic Fresh Ball";"574.00"
"831";"Awesome Rubber Pizza";"768.00"
"832";"Luxurious Metal Bacon";"480.00"
"833";"Awesome Rubber Pants";"16.00"
"834";"Bespoke Cotton Chicken";"413.00"
"835";"Bespoke Bronze Pants";"631.00"
"836";"Incredible Concrete Table";"139.00"
"837";"Unbranded Metal Mouse";"339.00"
"838";"Fantastic Fresh Fish";"700.00"
"839";"Electronic Wooden Bike";"794.00"
"840";"Electronic Soft Mouse";"788.00"
"841";"Practical Granite Chips";"541.00"
"842";"Tasty Wooden Soap";"846.00"
"843";"Handcrafted Fresh Soap";"585.00"
"844";"Modern Steel Keyboard";"801.00"
"845";"Modern Plastic Chicken";"916.00"
"846";"Sleek Bronze Towels";"810.00"
"847";"Sleek Granite Ball";"601.00"
"848";"Electronic Frozen Hat";"525.00"
"849";"Fantastic Wooden Cheese";"237.00"
"850";"Elegant Wooden Hat";"647.00"
"851";"Incredible Plastic Bacon";"282.00"
"852";"Licensed Rubber Table";"841.00"
"853";"Oriental Plastic Car";"525.00"
"854";"Generic Fresh Gloves";"552.00"
"855";"Luxurious Frozen Ball";"833.00"
"856";"Incredible Fresh Pizza";"261.00"
"857";"Elegant Wooden Tuna";"430.00"
"858";"Licensed Metal Sausages";"240.00"
"859";"Refined Metal Pizza";"837.00"
"860";"Intelligent Bronze Tuna";"371.00"
"861";"Handmade Fresh Shoes";"564.00"
"862";"Intelligent Frozen Soap";"521.00"
"863";"Modern Bronze Shoes";"935.00"
"864";"Handcrafted Metal Soap";"497.00"
"865";"Rustic Granite Bike";"329.00"
"866";"Handmade Rubber Table";"618.00"
"867";"Licensed Metal Tuna";"58.00"
"868";"Bespoke Steel Sausages";"595.00"
"869";"Handcrafted Granite Hat";"400.00"
"870";"Fantastic Plastic Mouse";"995.00"
"871";"Refined Concrete Keyboard";"863.00"
"872";"Handmade Rubber Mouse";"796.00"
"873";"Tasty Cotton Pants";"574.00"
"874";"Fantastic Rubber Sausages";"963.00"
"875";"Handcrafted Granite Fish";"974.00"
"876";"Awesome Wooden Chips";"928.00"
"877";"Incredible Bronze Tuna";"43.00"
"878";"Elegant Granite Soap";"373.00"
"879";"Bespoke Steel Towels";"925.00"
"880";"Electronic Cotton Salad";"548.00"
"881";"Handcrafted Wooden Towels";"483.00"
"882";"Practical Bronze Cheese";"360.00"
"883";"Fantastic Rubber Fish";"488.00"
"884";"Intelligent Frozen Bike";"466.00"
"885";"Electronic Metal Fish";"365.00"
"886";"Sleek Steel Tuna";"250.00"
"887";"Handmade Fresh Pizza";"906.00"
"888";"Licensed Cotton Fish";"830.00"
"889";"Generic Rubber Computer";"97.00"
"890";"Generic Granite Shirt";"124.00"
"891";"Refined Concrete Salad";"246.00"
"892";"Elegant Concrete Tuna";"210.00"
"893";"Ergonomic Cotton Keyboard";"164.00"
"894";"Licensed Soft Salad";"521.00"
"895";"Modern Granite Salad";"273.00"
"896";"Handcrafted Metal Car";"912.00"
"897";"Luxurious Fresh Chair";"910.00"
"898";"Ergonomic Rubber Bacon";"34.00"
"899";"Refined Cotton Gloves";"68.00"
"900";"Luxurious Fresh Sausages";"125.00"
"901";"Sleek Bronze Pizza";"327.00"
"902";"Bespoke Fresh Mouse";"231.00"
"903";"Unbranded Wooden Cheese";"178.00"
"904";"Handmade Metal Mouse";"771.00"
"905";"Recycled Fresh Towels";"703.00"
"906";"Intelligent Plastic Salad";"767.00"
"907";"Electronic Concrete Sausages";"569.00"
"908";"Generic Steel Computer";"693.00"
"909";"Sleek Wooden Cheese";"71.00"
"910";"Sleek Frozen Pizza";"922.00"
"911";"Intelligent Steel Mouse";"653.00"
"912";"Handmade Plastic Shirt";"112.00"
"913";"Unbranded Fresh Bacon";"792.00"
"914";"Small Rubber Mouse";"58.00"
"915";"Incredible Bronze Mouse";"978.00"
"916";"Ergonomic Bronze Bacon";"129.00"
"917";"Handmade Plastic Computer";"349.00"
"918";"Incredible Rubber Cheese";"151.00"
"919";"Luxurious Bronze Bike";"602.00"
"920";"Licensed Bronze Tuna";"618.00"
"921";"Electronic Soft Towels";"446.00"
"922";"Unbranded Plastic Gloves";"422.00"
"923";"Oriental Plastic Gloves";"221.00"
"924";"Ergonomic Fresh Cheese";"641.00"
"925";"Handmade Soft Soap";"313.00"
"926";"Ergonomic Rubber Chair";"83.00"
"927";"Oriental Metal Table";"752.00"
"928";"Incredible Rubber Shoes";"92.00"
"929";"Elegant Cotton Pants";"4.00"
"930";"Unbranded Metal Pizza";"861.00"
"931";"Gorgeous Cotton Pants";"996.00"
"932";"Luxurious Wooden Pizza";"636.00"
"933";"Fantastic Steel Mouse";"971.00"
"934";"Rustic Metal Pizza";"103.00"
"935";"Generic Granite Sausages";"17.00"
"936";"Licensed Bronze Bacon";"310.00"
"937";"Luxurious Soft Mouse";"621.00"
"938";"Intelligent Rubber Shirt";"221.00"
"939";"Incredible Metal Keyboard";"686.00"
"940";"Ergonomic Concrete Keyboard";"86.00"
"941";"Elegant Fresh Table";"763.00"
"942";"Licensed Cotton Gloves";"245.00"
"943";"Generic Granite Chips";"878.00"
"944";"Small Metal Cheese";"101.00"
"945";"Handmade Granite Ball";"302.00"
"946";"Unbranded Granite Car";"50.00"
"947";"Sleek Soft Bacon";"927.00"
"948";"Ergonomic Wooden Soap";"741.00"
"949";"Rustic Concrete Towels";"980.00"
"950";"Gorgeous Wooden Chair";"482.00"
"951";"Ergonomic Wooden Sausages";"64.00"
"952";"Fantastic Steel Shirt";"654.00"
"953";"Electronic Fresh Pizza";"951.00"
"954";"Modern Concrete Bacon";"559.00"
"955";"Awesome Wooden Hat";"824.00"
"956";"Awesome Frozen Bacon";"973.00"
"957";"Handcrafted Concrete Table";"103.00"
"958";"Sleek Soft Pants";"823.00"
"959";"Generic Cotton Pants";"444.00"
"960";"Small Wooden Pants";"416.00"
"961";"Oriental Fresh Shoes";"919.00"
"962";"Sleek Rubber Shoes";"990.00"
"963";"Tasty Rubber Towels";"247.00"
"964";"Unbranded Plastic Mouse";"80.00"
"965";"Electronic Bronze Chicken";"637.00"
"966";"Gorgeous Wooden Chicken";"51.00"
"967";"Fantastic Granite Salad";"232.00"
"968";"Electronic Steel Car";"503.00"
"969";"Licensed Cotton Fish";"458.00"
"970";"Bespoke Frozen Pizza";"816.00"
"971";"Generic Metal Computer";"333.00"
"972";"Luxurious Bronze Computer";"586.00"
"973";"Sleek Steel Table";"308.00"
"974";"Ergonomic Wooden Bacon";"311.00"
"975";"Incredible Frozen Tuna";"651.00"
"976";"Fantastic Soft Shirt";"978.00"
"977";"Fantastic Cotton Shoes";"207.00"
"978";"Ergonomic Concrete Mouse";"215.00"
"979";"Generic Steel Sausages";"811.00"
"980";"Generic Concrete Tuna";"563.00"
"981";"Electronic Wooden Bacon";"450.00"
"982";"Oriental Fresh Tuna";"88.00"
"983";"Bespoke Frozen Pants";"401.00"
"984";"Modern Granite Soap";"921.00"
"985";"Modern Bronze Bacon";"938.00"
"986";"Licensed Concrete Chicken";"765.00"
"987";"Tasty Wooden Chips";"347.00"
"988";"Sleek Frozen Towels";"552.00"
"989";"Luxurious Wooden Chicken";"526.00"
"990";"Generic Metal Car";"23.00"
"991";"Rustic Rubber Car";"147.00"
"992";"Luxurious Wooden Towels";"160.00"
"993";"Intelligent Rubber Mouse";"458.00"
"994";"Electronic Metal Towels";"573.00"
"995";"Rustic Frozen Mouse";"496.00"
"996";"Recycled Plastic Fish";"261.00"
"997";"Generic Cotton Pizza";"735.00"
"998";"Handcrafted Rubber Shoes";"439.00"
"999";"Small Frozen Mouse";"43.00"
"1000";"Fantastic Frozen Computer";"561.00"
"1001";"Sleek Rubber Tuna";"820.00"
"1002";"Ergonomic Cotton Pants";"252.00"
"1003";"Gorgeous Wooden Computer";"762.00"
"1004";"Small Bronze Fish";"348.00"
"1005";"Tasty Bronze Fish";"473.00"
"1006";"Fantastic Rubber Salad";"937.00"
"1007";"Handcrafted Rubber Tuna";"663.00"
"1008";"Sleek Wooden Sausages";"210.00"
"1009";"Generic Bronze Bacon";"92.00"
"1010";"Handmade Granite Chair";"500.00"
"1011";"Rustic Fresh Chicken";"766.00"
"1012";"Awesome Metal Keyboard";"8.00"
"1013";"Incredible Cotton Shirt";"286.00"
"1014";"Sleek Concrete Sausages";"867.00"
"1015";"Elegant Soft Mouse";"43.00"
"1016";"Handcrafted Wooden Chair";"152.00"
"1017";"Recycled Wooden Shoes";"253.00"
"1018";"Unbranded Rubber Computer";"934.00"
"1019";"Luxurious Metal Table";"852.00"
"1020";"Rustic Bronze Ball";"971.00"
"1021";"Intelligent Bronze Gloves";"105.00"
"1022";"Handcrafted Fresh Chair";"294.00"
"1023";"Fantastic Cotton Ball";"267.00"
"1024";"Handcrafted Soft Table";"563.00"
"1025";"Unbranded Fresh Chicken";"135.00"
"1026";"Tasty Metal Cheese";"692.00"
"1027";"Electronic Bronze Computer";"818.00"
"1028";"Handcrafted Cotton Tuna";"411.00"
"1029";"Fantastic Rubber Towels";"101.00"
"1030";"Tasty Fresh Car";"631.00"
"1031";"Awesome Fresh Chair";"983.00"
"1032";"Sleek Metal Towels";"858.00"
"1033";"Luxurious Soft Keyboard";"300.00"
"1034";"Luxurious Concrete Salad";"126.00"
"1035";"Practical Rubber Chicken";"450.00"
"1036";"Gorgeous Bronze Cheese";"490.00"
"1037";"Small Cotton Keyboard";"888.00"
"1038";"Fantastic Metal Car";"175.00"
"1039";"Elegant Plastic Chair";"708.00"
"1040";"Small Soft Shirt";"834.00"
"1041";"Tasty Soft Salad";"578.00"
"1042";"Handcrafted Plastic Bacon";"66.00"
"1043";"Generic Cotton Salad";"520.00"
"1044";"Gorgeous Granite Tuna";"470.00"
"1045";"Fantastic Concrete Bacon";"163.00"
"1046";"Incredible Steel Tuna";"513.00"
"1047";"Ergonomic Fresh Car";"396.00"
"1048";"Luxurious Cotton Cheese";"190.00"
"1049";"Intelligent Frozen Computer";"485.00"
"1050";"Fantastic Fresh Sausages";"272.00"
"1051";"Luxurious Metal Towels";"85.00"
"1052";"Generic Soft Fish";"696.00"
"1053";"Handcrafted Bronze Chicken";"507.00"
"1054";"Licensed Bronze Pants";"634.00"
"1055";"Intelligent Concrete Salad";"41.00"
"1056";"Generic Wooden Computer";"272.00"
"1057";"Fantastic Granite Tuna";"578.00"
"1058";"Intelligent Fresh Soap";"135.00"
"1059";"Luxurious Soft Bike";"10.00"
"1060";"Awesome Granite Bike";"720.00"
"1061";"Tasty Metal Ball";"632.00"
"1062";"Refined Bronze Chicken";"852.00"
"1063";"Fantastic Plastic Chips";"518.00"
"1064";"Bespoke Rubber Mouse";"600.00"
"1065";"Generic Soft Shoes";"830.00"
"1066";"Gorgeous Frozen Hat";"972.00"
"1067";"Licensed Rubber Mouse";"512.00"
"1068";"Bespoke Steel Table";"431.00"
"1069";"Handmade Steel Tuna";"76.00"
"1070";"Oriental Plastic Pizza";"309.00"
"1071";"Oriental Steel Chair";"242.00"
"1072";"Modern Concrete Ball";"372.00"
"1073";"Handcrafted Plastic Mouse";"439.00"
"1074";"Modern Granite Gloves";"944.00"
"1075";"Ergonomic Steel Gloves";"802.00"
"1076";"Electronic Wooden Chair";"646.00"
"1077";"Generic Bronze Mouse";"735.00"
"1078";"Practical Wooden Pants";"381.00"
"1079";"Refined Plastic Mouse";"97.00"
"1080";"Handcrafted Metal Car";"41.00"
"1081";"Unbranded Cotton Soap";"201.00"
"1082";"Gorgeous Steel Cheese";"161.00"
"1083";"Refined Granite Cheese";"191.00"
"1084";"Generic Cotton Soap";"335.00"
"1085";"Rustic Metal Chair";"336.00"
"1086";"Refined Frozen Soap";"692.00"
"1087";"Tasty Metal Chicken";"808.00"
"1088";"Ergonomic Bronze Pizza";"741.00"
"1089";"Practical Plastic Hat";"310.00"
"1090";"Incredible Soft Keyboard";"677.00"
"1091";"Licensed Steel Keyboard";"976.00"
"1092";"Awesome Plastic Car";"881.00"
"1093";"Ergonomic Bronze Chips";"83.00"
"1094";"Tasty Plastic Car";"680.00"
"1095";"Small Wooden Towels";"303.00"
"1096";"Bespoke Concrete Car";"282.00"
"1097";"Awesome Wooden Bacon";"476.00"
"1098";"Oriental Granite Computer";"740.00"
"1099";"Refined Cotton Ball";"342.00"
"1100";"Small Cotton Pizza";"731.00"
"1101";"Handcrafted Rubber Chicken";"360.00"
"1102";"Oriental Concrete Gloves";"560.00"
"1103";"Fantastic Metal Computer";"710.00"
"1104";"Ergonomic Steel Computer";"954.00"
"1105";"Gorgeous Granite Chicken";"613.00"
"1106";"Tasty Frozen Keyboard";"972.00"
"1107";"Bespoke Granite Car";"305.00"
"1108";"Licensed Plastic Chair";"256.00"
"1109";"Awesome Steel Table";"595.00"
"1110";"Fantastic Metal Cheese";"843.00"
"1111";"Refined Frozen Towels";"314.00"
"1112";"Practical Plastic Pizza";"870.00"
"1113";"Licensed Concrete Bike";"293.00"
"1114";"Recycled Concrete Chicken";"964.00"
"1115";"Handcrafted Wooden Soap";"457.00"
"1116";"Modern Plastic Ball";"18.00"
"1117";"Awesome Metal Chair";"584.00"
"1118";"Small Concrete Gloves";"418.00"
"1119";"Incredible Steel Pants";"10.00"
"1120";"Electronic Bronze Pizza";"246.00"
"1121";"Handcrafted Soft Mouse";"608.00"
"1122";"Electronic Granite Salad";"650.00"
"1123";"Awesome Fresh Towels";"271.00"
"1124";"Gorgeous Bronze Bike";"280.00"
"1125";"Oriental Fresh Chicken";"413.00"
"1126";"Ergonomic Metal Mouse";"649.00"
"1127";"Fantastic Soft Hat";"69.00"
"1128";"Gorgeous Soft Bacon";"418.00"
"1129";"Recycled Cotton Pants";"529.00"
"1130";"Electronic Granite Towels";"209.00"
"1131";"Rustic Bronze Keyboard";"895.00"
"1132";"Fantastic Frozen Fish";"219.00"
"1133";"Handcrafted Wooden Shirt";"696.00"
"1134";"Generic Frozen Shirt";"286.00"
"1135";"Elegant Plastic Cheese";"150.00"
"1136";"Handmade Metal Cheese";"337.00"
"1137";"Licensed Frozen Cheese";"75.00"
"1138";"Oriental Soft Table";"848.00"
"1139";"Bespoke Frozen Chips";"741.00"
"1140";"Practical Wooden Soap";"386.00"
"1141";"Modern Wooden Pizza";"451.00"
"1142";"Handcrafted Frozen Cheese";"779.00"
"1143";"Bespoke Granite Gloves";"463.00"
"1144";"Recycled Plastic Bacon";"84.00"
"1145";"Handcrafted Cotton Cheese";"821.00"
"1146";"Elegant Cotton Bacon";"370.00"
"1147";"Incredible Rubber Chips";"346.00"
"1148";"Unbranded Frozen Car";"345.00"
"1149";"Luxurious Rubber Keyboard";"112.00"
"1150";"Small Granite Salad";"828.00"
"1151";"Unbranded Rubber Sausages";"305.00"
"1152";"Oriental Rubber Bike";"628.00"
"1153";"Refined Concrete Hat";"765.00"
"1154";"Ergonomic Steel Tuna";"141.00"
"1155";"Handcrafted Wooden Shoes";"183.00"
"1156";"Elegant Metal Bike";"594.00"
"1157";"Rustic Metal Computer";"905.00"
"1158";"Intelligent Granite Ball";"923.00"
"1159";"Fantastic Metal Hat";"142.00"
"1160";"Gorgeous Cotton Pants";"279.00"
"1161";"Refined Bronze Towels";"847.00"
"1162";"Recycled Rubber Keyboard";"240.00"
"1163";"Bespoke Soft Sausages";"736.00"
"1164";"Generic Wooden Pants";"545.00"
"1165";"Awesome Frozen Bike";"158.00"
"1166";"Modern Plastic Salad";"27.00"
"1167";"Awesome Bronze Gloves";"33.00"
"1168";"Fantastic Cotton Pants";"753.00"
"1169";"Gorgeous Frozen Chair";"82.00"
"1170";"Ergonomic Soft Chicken";"539.00"
"1171";"Gorgeous Cotton Car";"468.00"
"1172";"Practical Cotton Cheese";"146.00"
"1173";"Rustic Granite Gloves";"349.00"
"1174";"Recycled Plastic Bacon";"669.00"
"1175";"Electronic Soft Towels";"533.00"
"1176";"Awesome Wooden Gloves";"844.00"
"1177";"Generic Concrete Car";"428.00"
"1178";"Sleek Concrete Bacon";"261.00"
"1179";"Recycled Fresh Computer";"127.00"
"1180";"Handcrafted Fresh Towels";"346.00"
"1181";"Recycled Soft Keyboard";"946.00"
"1182";"Oriental Cotton Gloves";"56.00"
"1183";"Modern Granite Shoes";"365.00"
"1184";"Tasty Soft Fish";"933.00"
"1185";"Luxurious Rubber Salad";"972.00"
"1186";"Awesome Steel Soap";"76.00"
"1187";"Intelligent Bronze Table";"283.00"
"1188";"Refined Cotton Fish";"729.00"
"1189";"Small Wooden Chips";"385.00"
"1190";"Rustic Concrete Shirt";"188.00"
"1191";"Rustic Cotton Chair";"792.00"
"1192";"Recycled Wooden Shirt";"360.00"
"1193";"Elegant Cotton Shoes";"372.00"
"1194";"Tasty Granite Keyboard";"528.00"
"1195";"Incredible Soft Shoes";"279.00"
"1196";"Refined Fresh Tuna";"785.00"
"1197";"Bespoke Metal Tuna";"867.00"
"1198";"Elegant Fresh Soap";"388.00"
"1199";"Electronic Fresh Gloves";"340.00"
"1200";"Intelligent Plastic Cheese";"621.00"
"1201";"Oriental Steel Bike";"422.00"
"1202";"Intelligent Rubber Computer";"771.00"
"1203";"Gorgeous Concrete Table";"591.00"
"1204";"Tasty Cotton Chicken";"117.00"
"1205";"Oriental Rubber Tuna";"17.00"
"1206";"Recycled Soft Chair";"703.00"
"1207";"Awesome Cotton Mouse";"366.00"
"1208";"Tasty Metal Fish";"909.00"
"1209";"Generic Soft Gloves";"340.00"
"1210";"Unbranded Metal Computer";"194.00"
"1211";"Luxurious Cotton Mouse";"314.00"
"1212";"Generic Concrete Keyboard";"245.00"
"1213";"Generic Concrete Soap";"749.00"
"1214";"Practical Bronze Table";"88.00"
"1215";"Bespoke Cotton Hat";"527.00"
"1216";"Sleek Rubber Hat";"626.00"
"1217";"Generic Soft Pizza";"977.00"
"1218";"Gorgeous Cotton Shoes";"897.00"
"1219";"Recycled Metal Keyboard";"719.00"
"1220";"Licensed Plastic Car";"905.00"
"1221";"Refined Frozen Chair";"833.00"
"1222";"Bespoke Rubber Soap";"821.00"
"1223";"Fantastic Granite Sausages";"994.00"
"1224";"Handmade Rubber Fish";"119.00"
"1225";"Sleek Granite Shirt";"588.00"
"1226";"Bespoke Frozen Soap";"348.00"
"1227";"Unbranded Concrete Keyboard";"872.00"
"1228";"Bespoke Cotton Soap";"852.00"
"1229";"Intelligent Cotton Gloves";"898.00"
"1230";"Intelligent Bronze Ball";"209.00"
"1231";"Rustic Soft Shoes";"648.00"
"1232";"Rustic Fresh Table";"926.00"
"1233";"Electronic Plastic Bacon";"95.00"
"1234";"Generic Wooden Bike";"604.00"
"1235";"Bespoke Plastic Tuna";"598.00"
"1236";"Tasty Rubber Computer";"270.00"
"1237";"Handcrafted Fresh Sausages";"987.00"
"1238";"Sleek Rubber Table";"230.00"
"1239";"Electronic Fresh Pants";"326.00"
"1240";"Awesome Granite Tuna";"20.00"
"1241";"Rustic Concrete Chair";"573.00"
"1242";"Awesome Fresh Mouse";"72.00"
"1243";"Modern Cotton Chicken";"900.00"
"1244";"Elegant Cotton Computer";"889.00"
"1245";"Luxurious Rubber Car";"808.00"
"1246";"Fantastic Steel Shoes";"457.00"
"1247";"Bespoke Rubber Salad";"969.00"
"1248";"Ergonomic Metal Tuna";"695.00"
"1249";"Rustic Soft Shoes";"736.00"
"1250";"Electronic Concrete Computer";"140.00"
"1251";"Gorgeous Soft Keyboard";"963.00"
"1252";"Modern Metal Pizza";"904.00"
"1253";"Refined Metal Chair";"329.00"
"1254";"Licensed Steel Soap";"907.00"
"1255";"Recycled Bronze Chips";"109.00"
"1256";"Practical Steel Shoes";"577.00"
"1257";"Sleek Bronze Bacon";"271.00"
"1258";"Electronic Steel Pants";"897.00"
"1259";"Practical Rubber Fish";"477.00"
"1260";"Rustic Rubber Keyboard";"286.00"
"1261";"Intelligent Frozen Computer";"656.00"
"1262";"Fantastic Plastic Tuna";"943.00"
"1263";"Modern Granite Chicken";"479.00"
"1264";"Modern Fresh Mouse";"370.00"
"1265";"Sleek Plastic Towels";"181.00"
"1266";"Fantastic Rubber Computer";"507.00"
"1267";"Ergonomic Cotton Car";"570.00"
"1268";"Gorgeous Cotton Shoes";"226.00"
"1269";"Practical Granite Shoes";"576.00"
"1270";"Elegant Bronze Soap";"660.00"
"1271";"Handmade Rubber Shirt";"807.00"
"1272";"Electronic Concrete Bacon";"809.00"
"1273";"Licensed Frozen Keyboard";"69.00"
"1274";"Tasty Frozen Hat";"88.00"
"1275";"Awesome Frozen Chips";"336.00"
"1276";"Licensed Soft Chair";"924.00"
"1277";"Modern Soft Ball";"703.00"
"1278";"Rustic Bronze Gloves";"949.00"
"1279";"Handcrafted Bronze Towels";"208.00"
"1280";"Handmade Metal Car";"910.00"
"1281";"Refined Wooden Computer";"927.00"
"1282";"Handcrafted Steel Shirt";"920.00"
"1283";"Intelligent Rubber Fish";"961.00"
"1284";"Refined Soft Car";"929.00"
"1285";"Recycled Frozen Mouse";"291.00"
"1286";"Electronic Cotton Shirt";"253.00"
"1287";"Handmade Bronze Pants";"593.00"
"1288";"Generic Cotton Bike";"483.00"
"1289";"Handmade Granite Sausages";"54.00"
"1290";"Small Bronze Chair";"959.00"
"1291";"Rustic Granite Bacon";"899.00"
"1292";"Electronic Rubber Bike";"195.00"
"1293";"Elegant Soft Towels";"633.00"
"1294";"Generic Steel Car";"670.00"
"1295";"Intelligent Plastic Mouse";"228.00"
"1296";"Small Cotton Chair";"457.00"
"1297";"Small Rubber Chair";"578.00"
"1298";"Generic Fresh Shoes";"604.00"
"1299";"Small Rubber Mouse";"747.00"
"1300";"Small Rubber Chair";"21.00"
"1301";"Modern Frozen Bacon";"535.00"
"1302";"Incredible Granite Pants";"506.00"
"1303";"Ergonomic Cotton Car";"145.00"
"1304";"Licensed Steel Sausages";"40.00"
"1305";"Incredible Concrete Chicken";"4.00"
"1306";"Modern Steel Sausages";"12.00"
"1307";"Awesome Frozen Fish";"775.00"
"1308";"Unbranded Soft Salad";"228.00"
"1309";"Intelligent Steel Pizza";"500.00"
"1310";"Bespoke Bronze Chair";"557.00"
"1311";"Incredible Frozen Table";"239.00"
"1312";"Handmade Rubber Ball";"809.00"
"1313";"Refined Concrete Soap";"340.00"
"1314";"Gorgeous Frozen Chips";"126.00"
"1315";"Practical Cotton Pants";"871.00"
"1316";"Rustic Bronze Mouse";"666.00"
"1317";"Handcrafted Cotton Shirt";"393.00"
"1318";"Electronic Granite Mouse";"998.00"
"1319";"Bespoke Wooden Gloves";"967.00"
"1320";"Elegant Rubber Soap";"842.00"
"1321";"Gorgeous Metal Chicken";"415.00"
"1322";"Bespoke Steel Towels";"412.00"
"1323";"Tasty Bronze Pants";"860.00"
"1324";"Electronic Wooden Towels";"509.00"
"1325";"Luxurious Metal Ball";"473.00"
"1326";"Practical Plastic Chicken";"629.00"
"1327";"Gorgeous Granite Shirt";"72.00"
"1328";"Generic Concrete Table";"627.00"
"1329";"Luxurious Metal Tuna";"904.00"
"1330";"Refined Concrete Cheese";"816.00"
"1331";"Licensed Rubber Table";"201.00"
"1332";"Modern Wooden Shirt";"561.00"
"1333";"Awesome Cotton Cheese";"971.00"
"1334";"Practical Metal Bike";"66.00"
"1335";"Elegant Plastic Sausages";"927.00"
"1336";"Fantastic Wooden Bacon";"941.00"
"1337";"Unbranded Bronze Soap";"999.00"
"1338";"Incredible Wooden Soap";"244.00"
"1339";"Unbranded Frozen Mouse";"736.00"
"1340";"Tasty Rubber Bacon";"848.00"
"1341";"Small Fresh Salad";"420.00"
"1342";"Licensed Rubber Bacon";"149.00"
"1343";"Licensed Plastic Bike";"358.00"
"1344";"Awesome Wooden Fish";"694.00"
"1345";"Fantastic Frozen Chips";"941.00"
"1346";"Incredible Cotton Gloves";"16.00"
"1347";"Rustic Bronze Bacon";"490.00"
"1348";"Unbranded Concrete Shoes";"389.00"
"1349";"Refined Rubber Shoes";"524.00"
"1350";"Small Bronze Table";"521.00"
"1351";"Handmade Bronze Cheese";"739.00"
"1352";"Small Soft Chicken";"322.00"
"1353";"Small Wooden Soap";"102.00"
"1354";"Incredible Plastic Towels";"799.00"
"1355";"Fantastic Concrete Shoes";"460.00"
"1356";"Electronic Frozen Ball";"257.00"
"1357";"Modern Granite Salad";"73.00"
"1358";"Oriental Bronze Ball";"925.00"
"1359";"Intelligent Wooden Ball";"891.00"
"1360";"Tasty Bronze Hat";"416.00"
"1361";"Sleek Soft Bacon";"458.00"
"1362";"Generic Rubber Bacon";"766.00"
"1363";"Handcrafted Granite Bike";"473.00"
"1364";"Sleek Rubber Mouse";"44.00"
"1365";"Oriental Rubber Soap";"746.00"
"1366";"Refined Concrete Soap";"671.00"
"1367";"Luxurious Metal Chair";"571.00"
"1368";"Luxurious Fresh Tuna";"251.00"
"1369";"Rustic Metal Chips";"497.00"
"1370";"Modern Granite Chair";"453.00"
"1371";"Unbranded Steel Keyboard";"22.00"
"1372";"Ergonomic Bronze Car";"22.00"
"1373";"Electronic Fresh Bike";"722.00"
"1374";"Rustic Steel Bike";"10.00"
"1375";"Unbranded Plastic Table";"392.00"
"1376";"Intelligent Plastic Pants";"716.00"
"1377";"Practical Wooden Gloves";"469.00"
"1378";"Incredible Steel Bike";"897.00"
"1379";"Small Cotton Chair";"628.00"
"1380";"Incredible Soft Chicken";"373.00"
"1381";"Bespoke Cotton Shoes";"145.00"
"1382";"Modern Bronze Mouse";"944.00"
"1383";"Recycled Plastic Gloves";"660.00"
"1384";"Handmade Concrete Cheese";"822.00"
"1385";"Awesome Metal Pizza";"995.00"
"1386";"Recycled Rubber Soap";"878.00"
"1387";"Incredible Wooden Shirt";"14.00"
"1388";"Tasty Granite Shoes";"692.00"
"1389";"Tasty Fresh Gloves";"848.00"
"1390";"Incredible Granite Bike";"26.00"
"1391";"Bespoke Rubber Chips";"917.00"
"1392";"Intelligent Frozen Bike";"743.00"
"1393";"Elegant Frozen Bacon";"129.00"
"1394";"Unbranded Metal Pizza";"914.00"
"1395";"Unbranded Soft Tuna";"533.00"
"1396";"Elegant Concrete Sausages";"778.00"
"1397";"Fantastic Rubber Hat";"952.00"
"1398";"Incredible Metal Chair";"590.00"
"1399";"Gorgeous Bronze Shirt";"506.00"
"1400";"Luxurious Granite Table";"895.00"
"1401";"Intelligent Granite Table";"43.00"
"1402";"Generic Soft Table";"161.00"
"1403";"Licensed Soft Gloves";"482.00"
"1404";"Modern Plastic Shirt";"50.00"
"1405";"Incredible Frozen Shirt";"473.00"
"1406";"Intelligent Wooden Pizza";"460.00"
"1407";"Fantastic Metal Car";"298.00"
"1408";"Small Frozen Bike";"239.00"
"1409";"Incredible Granite Gloves";"789.00"
"1410";"Incredible Cotton Salad";"465.00"
"1411";"Practical Cotton Bike";"321.00"
"1412";"Licensed Rubber Pizza";"160.00"
"1413";"Modern Rubber Tuna";"787.00"
"1414";"Gorgeous Plastic Chips";"857.00"
"1415";"Licensed Fresh Fish";"966.00"
"1416";"Oriental Bronze Computer";"376.00"
"1417";"Oriental Fresh Table";"87.00"
"1418";"Recycled Fresh Keyboard";"631.00"
"1419";"Handcrafted Steel Cheese";"321.00"
"1420";"Handcrafted Concrete Towels";"271.00"
"1421";"Handcrafted Fresh Computer";"581.00"
"1422";"Refined Concrete Computer";"500.00"
"1423";"Oriental Steel Bike";"177.00"
"1424";"Awesome Fresh Shoes";"105.00"
"1425";"Oriental Soft Chair";"541.00"
"1426";"Licensed Frozen Gloves";"932.00"
"1427";"Oriental Fresh Ball";"76.00"
"1428";"Handcrafted Wooden Table";"395.00"
"1429";"Handcrafted Frozen Keyboard";"58.00"
"1430";"Recycled Steel Gloves";"867.00"
"1431";"Luxurious Frozen Bacon";"94.00"
"1432";"Sleek Rubber Soap";"413.00"
"1433";"Gorgeous Soft Chips";"239.00"
"1434";"Intelligent Granite Keyboard";"437.00"
"1435";"Unbranded Steel Table";"760.00"
"1436";"Oriental Rubber Ball";"819.00"
"1437";"Incredible Metal Bacon";"713.00"
"1438";"Oriental Rubber Hat";"118.00"
"1439";"Unbranded Fresh Chair";"127.00"
"1440";"Unbranded Granite Chicken";"798.00"
"1441";"Sleek Wooden Pizza";"614.00"
"1442";"Handmade Cotton Computer";"994.00"
"1443";"Elegant Wooden Salad";"972.00"
"1444";"Practical Frozen Cheese";"29.00"
"1445";"Incredible Plastic Mouse";"818.00"
"1446";"Elegant Frozen Bike";"899.00"
"1447";"Fantastic Cotton Cheese";"469.00"
"1448";"Bespoke Wooden Gloves";"401.00"
"1449";"Licensed Bronze Ball";"18.00"
"1450";"Awesome Metal Chips";"243.00"
"1451";"Modern Cotton Bike";"170.00"
"1452";"Handcrafted Concrete Shoes";"935.00"
"1453";"Handmade Wooden Shoes";"590.00"
"1454";"Bespoke Rubber Sausages";"866.00"
"1455";"Generic Granite Car";"149.00"
"1456";"Rustic Cotton Keyboard";"411.00"
"1457";"Luxurious Steel Fish";"770.00"
"1458";"Licensed Cotton Keyboard";"548.00"
"1459";"Sleek Frozen Sausages";"407.00"
"1460";"Tasty Steel Car";"82.00"
"1461";"Licensed Bronze Bacon";"799.00"
"1462";"Unbranded Bronze Cheese";"444.00"
"1463";"Small Wooden Sausages";"828.00"
"1464";"Small Rubber Mouse";"548.00"
"1465";"Incredible Wooden Keyboard";"424.00"
"1466";"Small Plastic Pants";"628.00"
"1467";"Oriental Metal Sausages";"815.00"
"1468";"Awesome Steel Table";"452.00"
"1469";"Luxurious Frozen Shirt";"352.00"
"1470";"Modern Granite Towels";"751.00"
"1471";"Refined Soft Bike";"131.00"
"1472";"Practical Plastic Sausages";"320.00"
"1473";"Sleek Rubber Towels";"248.00"
"1474";"Awesome Fresh Fish";"566.00"
"1475";"Luxurious Bronze Chair";"626.00"
"1476";"Oriental Frozen Chips";"145.00"
"1477";"Practical Soft Gloves";"855.00"
"1478";"Incredible Frozen Shirt";"81.00"
"1479";"Incredible Bronze Towels";"457.00"
"1480";"Fantastic Cotton Chicken";"709.00"
"1481";"Electronic Granite Towels";"873.00"
"1482";"Unbranded Metal Keyboard";"437.00"
"1483";"Fantastic Metal Ball";"86.00"
"1484";"Elegant Fresh Towels";"656.00"
"1485";"Small Soft Pants";"280.00"
"1486";"Handcrafted Granite Chicken";"203.00"
"1487";"Rustic Fresh Gloves";"150.00"
"1488";"Intelligent Wooden Keyboard";"980.00"
"1489";"Gorgeous Soft Car";"179.00"
"1490";"Licensed Metal Sausages";"192.00"
"1491";"Handcrafted Steel Shoes";"977.00"
"1492";"Luxurious Concrete Pizza";"82.00"
"1493";"Small Frozen Chips";"116.00"
"1494";"Bespoke Steel Keyboard";"253.00"
"1495";"Unbranded Cotton Bacon";"16.00"
"1496";"Sleek Granite Towels";"151.00"
"1497";"Tasty Granite Shoes";"546.00"
"1498";"Handcrafted Metal Pizza";"31.00"
"1499";"Fantastic Plastic Chips";"729.00"
"1500";"Oriental Metal Fish";"441.00"
"1501";"Small Cotton Fish";"200.00"
"1502";"Incredible Rubber Towels";"855.00"
"1503";"Licensed Cotton Salad";"609.00"
"1504";"Bespoke Steel Salad";"890.00"
"1505";"Fantastic Frozen Bike";"889.00"
"1506";"Modern Metal Car";"927.00"
"1507";"Refined Concrete Soap";"317.00"
"1508";"Rustic Fresh Fish";"997.00"
"1509";"Modern Frozen Chair";"529.00"
"1510";"Sleek Cotton Chips";"728.00"
"1511";"Generic Cotton Shirt";"296.00"
"1512";"Tasty Metal Keyboard";"210.00"
"1513";"Tasty Fresh Chair";"45.00"
"1514";"Incredible Frozen Chair";"732.00"
"1515";"Luxurious Plastic Car";"831.00"
"1516";"Incredible Cotton Shirt";"537.00"
"1517";"Bespoke Soft Keyboard";"841.00"
"1518";"Modern Granite Shoes";"558.00"
"1519";"Handcrafted Soft Cheese";"210.00"
"1520";"Incredible Soft Bike";"547.00"
"1521";"Recycled Cotton Hat";"972.00"
"1522";"Intelligent Bronze Pants";"101.00"
"1523";"Unbranded Bronze Towels";"275.00"
"1524";"Awesome Cotton Car";"273.00"
"1525";"Ergonomic Cotton Fish";"77.00"
"1526";"Modern Steel Towels";"993.00"
"1527";"Handmade Granite Salad";"636.00"
"1528";"Incredible Granite Sausages";"393.00"
"1529";"Generic Wooden Hat";"154.00"
"1530";"Intelligent Steel Chair";"522.00"
"1531";"Intelligent Wooden Ball";"467.00"
"1532";"Gorgeous Rubber Pants";"102.00"
"1533";"Bespoke Granite Chicken";"610.00"
"1534";"Generic Bronze Tuna";"499.00"
"1535";"Licensed Granite Salad";"161.00"
"1536";"Bespoke Wooden Towels";"778.00"
"1537";"Small Concrete Pants";"519.00"
"1538";"Awesome Rubber Bike";"272.00"
"1539";"Gorgeous Rubber Bacon";"364.00"
"1540";"Ergonomic Soft Cheese";"467.00"
"1541";"Incredible Fresh Sausages";"7.00"
"1542";"Refined Granite Gloves";"914.00"
"1543";"Incredible Concrete Pizza";"637.00"
"1544";"Practical Granite Fish";"417.00"
"1545";"Modern Metal Sausages";"149.00"
"1546";"Oriental Granite Shoes";"907.00"
"1547";"Practical Bronze Shoes";"383.00"
"1548";"Sleek Cotton Hat";"411.00"
"1549";"Electronic Wooden Ball";"800.00"
"1550";"Bespoke Granite Car";"429.00"
"1551";"Unbranded Cotton Chicken";"89.00"
"1552";"Handmade Bronze Chicken";"968.00"
"1553";"Fantastic Cotton Pizza";"88.00"
"1554";"Handcrafted Soft Chair";"889.00"
"1555";"Handmade Granite Shirt";"413.00"
"1556";"Electronic Frozen Cheese";"64.00"
"1557";"Intelligent Wooden Shirt";"634.00"
"1558";"Ergonomic Soft Computer";"193.00"
"1559";"Ergonomic Metal Bike";"892.00"
"1560";"Modern Fresh Tuna";"164.00"
"1561";"Modern Bronze Tuna";"635.00"
"1562";"Modern Fresh Chair";"772.00"
"1563";"Handmade Frozen Salad";"941.00"
"1564";"Elegant Plastic Towels";"588.00"
"1565";"Small Steel Salad";"827.00"
"1566";"Recycled Frozen Chicken";"750.00"
"1567";"Elegant Plastic Car";"269.00"
"1568";"Electronic Wooden Table";"131.00"
"1569";"Small Concrete Salad";"692.00"
"1570";"Refined Soft Shirt";"342.00"
"1571";"Fantastic Bronze Chair";"498.00"
"1572";"Gorgeous Plastic Soap";"415.00"
"1573";"Sleek Soft Mouse";"160.00"
"1574";"Generic Soft Gloves";"362.00"
"1575";"Fantastic Wooden Chair";"583.00"
"1576";"Gorgeous Bronze Tuna";"72.00"
"1577";"Elegant Granite Sausages";"975.00"
"1578";"Fantastic Plastic Fish";"930.00"
"1579";"Generic Frozen Towels";"237.00"
"1580";"Intelligent Metal Keyboard";"306.00"
"1581";"Oriental Frozen Towels";"318.00"
"1582";"Gorgeous Rubber Shoes";"203.00"
"1583";"Recycled Steel Table";"906.00"
"1584";"Licensed Granite Chair";"977.00"
"1585";"Modern Rubber Shoes";"662.00"
"1586";"Small Granite Keyboard";"810.00"
"1587";"Ergonomic Bronze Bike";"60.00"
"1588";"Generic Granite Table";"478.00"
"1589";"Recycled Rubber Shoes";"455.00"
"1590";"Gorgeous Granite Soap";"402.00"
"1591";"Licensed Rubber Keyboard";"375.00"
"1592";"Elegant Cotton Fish";"51.00"
"1593";"Awesome Granite Ball";"799.00"
"1594";"Elegant Steel Mouse";"747.00"
"1595";"Incredible Wooden Ball";"336.00"
"1596";"Tasty Soft Computer";"10.00"
"1597";"Awesome Plastic Gloves";"227.00"
"1598";"Fantastic Soft Fish";"772.00"
"1599";"Awesome Rubber Hat";"24.00"
"1600";"Electronic Granite Computer";"538.00"
"1601";"Oriental Rubber Towels";"908.00"
"1602";"Sleek Granite Soap";"140.00"
"1603";"Refined Wooden Ball";"862.00"
"1604";"Refined Frozen Sausages";"870.00"
"1605";"Oriental Frozen Ball";"941.00"
"1606";"Fantastic Frozen Hat";"268.00"
"1607";"Refined Cotton Ball";"517.00"
"1608";"Sleek Fresh Towels";"2.00"
"1609";"Bespoke Frozen Shoes";"25.00"
"1610";"Oriental Bronze Chips";"505.00"
"1611";"Rustic Fresh Mouse";"365.00"
"1612";"Small Fresh Chicken";"615.00"
"1613";"Tasty Concrete Tuna";"722.00"
"1614";"Unbranded Bronze Car";"194.00"
"1615";"Incredible Steel Chicken";"46.00"
"1616";"Sleek Bronze Computer";"861.00"
"1617";"Licensed Fresh Cheese";"596.00"
"1618";"Practical Frozen Shirt";"797.00"
"1619";"Gorgeous Rubber Chair";"163.00"
"1620";"Modern Cotton Gloves";"791.00"
"1621";"Licensed Plastic Car";"75.00"
"1622";"Generic Plastic Tuna";"222.00"
"1623";"Awesome Rubber Sausages";"279.00"
"1624";"Oriental Bronze Tuna";"171.00"
"1625";"Elegant Soft Gloves";"204.00"
"1626";"Recycled Frozen Pants";"668.00"
"1627";"Recycled Steel Fish";"74.00"
"1628";"Modern Cotton Gloves";"63.00"
"1629";"Licensed Wooden Towels";"777.00"
"1630";"Bespoke Steel Bacon";"774.00"
"1631";"Ergonomic Granite Towels";"478.00"
"1632";"Gorgeous Rubber Shoes";"732.00"
"1633";"Refined Steel Gloves";"847.00"
"1634";"Incredible Cotton Mouse";"430.00"
"1635";"Elegant Bronze Tuna";"346.00"
"1636";"Tasty Rubber Chips";"696.00"
"1637";"Awesome Granite Chips";"723.00"
"1638";"Awesome Steel Chips";"824.00"
"1639";"Gorgeous Rubber Ball";"860.00"
"1640";"Electronic Soft Cheese";"652.00"
"1641";"Luxurious Cotton Shirt";"58.00"
"1642";"Refined Wooden Shirt";"437.00"
"1643";"Fantastic Cotton Ball";"96.00"
"1644";"Handmade Soft Fish";"974.00"
"1645";"Bespoke Granite Chicken";"355.00"
"1646";"Elegant Rubber Soap";"143.00"
"1647";"Handcrafted Wooden Chicken";"808.00"
"1648";"Modern Concrete Towels";"910.00"
"1649";"Fantastic Cotton Towels";"764.00"
"1650";"Sleek Concrete Fish";"269.00"
"1651";"Recycled Metal Chair";"499.00"
"1652";"Awesome Rubber Car";"120.00"
"1653";"Recycled Plastic Bike";"544.00"
"1654";"Practical Fresh Gloves";"162.00"
"1655";"Intelligent Fresh Chips";"1000.00"
"1656";"Generic Rubber Towels";"896.00"
"1657";"Handcrafted Steel Shirt";"512.00"
"1658";"Small Rubber Ball";"551.00"
"1659";"Sleek Wooden Pants";"198.00"
"1660";"Handmade Concrete Soap";"105.00"
"1661";"Oriental Soft Shirt";"826.00"
"1662";"Awesome Cotton Car";"732.00"
"1663";"Recycled Plastic Chair";"498.00"
"1664";"Fantastic Metal Gloves";"142.00"
"1665";"Refined Bronze Chips";"60.00"
"1666";"Tasty Bronze Tuna";"557.00"
"1667";"Small Wooden Pizza";"323.00"
"1668";"Fantastic Wooden Car";"520.00"
"1669";"Licensed Rubber Chips";"601.00"
"1670";"Handcrafted Steel Mouse";"440.00"
"1671";"Fantastic Concrete Pants";"571.00"
"1672";"Generic Cotton Chair";"752.00"
"1673";"Gorgeous Frozen Fish";"868.00"
"1674";"Intelligent Granite Sausages";"907.00"
"1675";"Ergonomic Soft Shirt";"773.00"
"1676";"Generic Cotton Mouse";"51.00"
"1677";"Awesome Wooden Soap";"972.00"
"1678";"Awesome Wooden Fish";"411.00"
"1679";"Small Wooden Chicken";"602.00"
"1680";"Luxurious Frozen Car";"720.00"
"1681";"Intelligent Frozen Keyboard";"137.00"
"1682";"Tasty Wooden Soap";"670.00"
"1683";"Handcrafted Plastic Bacon";"708.00"
"1684";"Luxurious Wooden Mouse";"323.00"
"1685";"Licensed Rubber Sausages";"639.00"
"1686";"Oriental Cotton Fish";"338.00"
"1687";"Practical Soft Ball";"802.00"
"1688";"Fantastic Granite Shirt";"385.00"
"1689";"Unbranded Soft Shirt";"228.00"
"1690";"Electronic Frozen Mouse";"419.00"
"1691";"Bespoke Steel Salad";"203.00"
"1692";"Sleek Rubber Mouse";"984.00"
"1693";"Ergonomic Steel Salad";"225.00"
"1694";"Sleek Soft Computer";"327.00"
"1695";"Modern Bronze Hat";"776.00"
"1696";"Luxurious Concrete Salad";"107.00"
"1697";"Fantastic Steel Keyboard";"887.00"
"1698";"Handmade Bronze Hat";"760.00"
"1699";"Elegant Rubber Towels";"511.00"
"1700";"Practical Cotton Chicken";"285.00"
"1701";"Practical Fresh Car";"520.00"
"1702";"Tasty Concrete Computer";"993.00"
"1703";"Unbranded Concrete Car";"638.00"
"1704";"Handcrafted Rubber Pizza";"623.00"
"1705";"Tasty Steel Car";"470.00"
"1706";"Handcrafted Wooden Pizza";"339.00"
"1707";"Rustic Soft Chips";"460.00"
"1708";"Modern Frozen Shoes";"255.00"
"1709";"Intelligent Plastic Computer";"162.00"
"1710";"Luxurious Steel Sausages";"267.00"
"1711";"Generic Metal Ball";"356.00"
"1712";"Fantastic Cotton Tuna";"917.00"
"1713";"Generic Plastic Chicken";"32.00"
"1714";"Gorgeous Metal Pants";"410.00"
"1715";"Gorgeous Concrete Mouse";"39.00"
"1716";"Modern Concrete Shirt";"919.00"
"1717";"Awesome Cotton Sausages";"909.00"
"1718";"Gorgeous Cotton Cheese";"696.00"
"1719";"Bespoke Granite Pizza";"614.00"
"1720";"Practical Frozen Soap";"860.00"
"1721";"Ergonomic Frozen Gloves";"279.00"
"1722";"Oriental Cotton Ball";"221.00"
"1723";"Ergonomic Concrete Shoes";"17.00"
"1724";"Fantastic Steel Car";"922.00"
"1725";"Unbranded Metal Fish";"527.00"
"1726";"Bespoke Plastic Salad";"872.00"
"1727";"Luxurious Plastic Fish";"872.00"
"1728";"Sleek Concrete Table";"434.00"
"1729";"Generic Soft Chips";"952.00"
"1730";"Small Fresh Bike";"143.00"
"1731";"Tasty Metal Ball";"829.00"
"1732";"Elegant Metal Table";"283.00"
"1733";"Luxurious Fresh Shirt";"688.00"
"1734";"Licensed Fresh Chips";"144.00"
"1735";"Generic Soft Car";"794.00"
"1736";"Small Frozen Bike";"329.00"
"1737";"Handmade Frozen Gloves";"470.00"
"1738";"Elegant Bronze Fish";"906.00"
"1739";"Gorgeous Granite Mouse";"815.00"
"1740";"Rustic Plastic Gloves";"926.00"
"1741";"Luxurious Steel Sausages";"850.00"
"1742";"Fantastic Cotton Shirt";"850.00"
"1743";"Gorgeous Fresh Towels";"305.00"
"1744";"Generic Bronze Bike";"766.00"
"1745";"Fantastic Wooden Computer";"641.00"
"1746";"Small Metal Cheese";"582.00"
"1747";"Handmade Wooden Chips";"6.00"
"1748";"Oriental Rubber Computer";"542.00"
"1749";"Small Frozen Shirt";"35.00"
"1750";"Rustic Steel Bike";"737.00"
"1751";"Rustic Metal Salad";"177.00"
"1752";"Fantastic Rubber Ball";"553.00"
"1753";"Licensed Metal Bike";"370.00"
"1754";"Generic Cotton Pizza";"55.00"
"1755";"Luxurious Steel Ball";"852.00"
"1756";"Handmade Metal Table";"896.00"
"1757";"Ergonomic Cotton Keyboard";"672.00"
"1758";"Intelligent Cotton Table";"899.00"
"1759";"Elegant Steel Gloves";"251.00"
"1760";"Electronic Steel Ball";"440.00"
"1761";"Elegant Wooden Shirt";"234.00"
"1762";"Luxurious Bronze Towels";"518.00"
"1763";"Oriental Soft Car";"133.00"
"1764";"Oriental Steel Chips";"26.00"
"1765";"Modern Plastic Sausages";"670.00"
"1766";"Licensed Granite Shoes";"558.00"
"1767";"Elegant Bronze Gloves";"31.00"
"1768";"Rustic Rubber Hat";"986.00"
"1769";"Unbranded Cotton Table";"952.00"
"1770";"Handcrafted Cotton Chair";"754.00"
"1771";"Fantastic Steel Pants";"594.00"
"1772";"Unbranded Plastic Shirt";"484.00"
"1773";"Incredible Steel Bike";"866.00"
"1774";"Handcrafted Concrete Tuna";"332.00"
"1775";"Fantastic Plastic Sausages";"13.00"
"1776";"Small Metal Chicken";"593.00"
"1777";"Fantastic Bronze Towels";"240.00"
"1778";"Incredible Steel Bike";"18.00"
"1779";"Luxurious Steel Cheese";"556.00"
"1780";"Handmade Rubber Soap";"742.00"
"1781";"Ergonomic Steel Soap";"708.00"
"1782";"Small Soft Fish";"734.00"
"1783";"Rustic Rubber Salad";"970.00"
"1784";"Sleek Metal Bacon";"213.00"
"1785";"Elegant Wooden Car";"321.00"
"1786";"Elegant Steel Fish";"519.00"
"1787";"Ergonomic Plastic Tuna";"265.00"
"1788";"Awesome Bronze Towels";"799.00"
"1789";"Awesome Steel Ball";"544.00"
"1790";"Luxurious Fresh Sausages";"400.00"
"1791";"Tasty Bronze Chair";"40.00"
"1792";"Licensed Granite Bike";"16.00"
"1793";"Electronic Soft Mouse";"97.00"
"1794";"Unbranded Wooden Chicken";"414.00"
"1795";"Intelligent Wooden Bike";"114.00"
"1796";"Modern Frozen Cheese";"385.00"
"1797";"Recycled Wooden Hat";"190.00"
"1798";"Elegant Rubber Bike";"60.00"
"1799";"Tasty Wooden Salad";"138.00"
"1800";"Elegant Fresh Soap";"123.00"
"1801";"Gorgeous Frozen Mouse";"590.00"
"1802";"Handmade Granite Gloves";"348.00"
"1803";"Intelligent Fresh Pizza";"77.00"
"1804";"Handcrafted Granite Ball";"640.00"
"1805";"Intelligent Fresh Salad";"371.00"
"1806";"Awesome Metal Fish";"387.00"
"1807";"Small Bronze Keyboard";"716.00"
"1808";"Ergonomic Rubber Pizza";"761.00"
"1809";"Bespoke Cotton Fish";"592.00"
"1810";"Small Concrete Computer";"551.00"
"1811";"Handcrafted Steel Chicken";"992.00"
"1812";"Rustic Soft Bacon";"218.00"
"1813";"Luxurious Fresh Cheese";"125.00"
"1814";"Recycled Soft Mouse";"417.00"
"1815";"Gorgeous Concrete Shoes";"695.00"
"1816";"Licensed Frozen Gloves";"113.00"
"1817";"Generic Wooden Table";"896.00"
"1818";"Rustic Rubber Cheese";"42.00"
"1819";"Oriental Rubber Computer";"997.00"
"1820";"Practical Cotton Chips";"37.00"
"1821";"Intelligent Concrete Bacon";"859.00"
"1822";"Rustic Soft Shoes";"565.00"
"1823";"Small Concrete Ball";"418.00"
"1824";"Sleek Bronze Pizza";"356.00"
"1825";"Modern Plastic Pants";"77.00"
"1826";"Sleek Frozen Mouse";"498.00"
"1827";"Incredible Frozen Shirt";"160.00"
"1828";"Tasty Granite Soap";"354.00"
"1829";"Handmade Rubber Bacon";"609.00"
"1830";"Gorgeous Fresh Pizza";"14.00"
"1831";"Small Soft Sausages";"539.00"
"1832";"Handcrafted Concrete Keyboard";"60.00"
"1833";"Gorgeous Bronze Bacon";"805.00"
"1834";"Sleek Metal Car";"313.00"
"1835";"Fantastic Frozen Car";"317.00"
"1836";"Modern Granite Mouse";"103.00"
"1837";"Elegant Bronze Fish";"703.00"
"1838";"Rustic Metal Cheese";"329.00"
"1839";"Bespoke Metal Towels";"171.00"
"1840";"Modern Concrete Mouse";"808.00"
"1841";"Bespoke Plastic Car";"554.00"
"1842";"Intelligent Metal Soap";"162.00"
"1843";"Refined Fresh Ball";"767.00"
"1844";"Practical Bronze Tuna";"925.00"
"1845";"Tasty Metal Sausages";"78.00"
"1846";"Refined Fresh Gloves";"251.00"
"1847";"Rustic Granite Salad";"220.00"
"1848";"Generic Metal Salad";"798.00"
"1849";"Sleek Concrete Hat";"733.00"
"1850";"Incredible Bronze Chair";"328.00"
"1851";"Rustic Frozen Table";"635.00"
"1852";"Generic Rubber Salad";"960.00"
"1853";"Tasty Soft Chicken";"919.00"
"1854";"Intelligent Fresh Chips";"859.00"
"1855";"Incredible Plastic Tuna";"86.00"
"1856";"Incredible Wooden Cheese";"406.00"
"1857";"Bespoke Soft Soap";"960.00"
"1858";"Rustic Steel Pants";"192.00"
"1859";"Modern Granite Soap";"172.00"
"1860";"Bespoke Concrete Car";"627.00"
"1861";"Gorgeous Soft Chair";"408.00"
"1862";"Oriental Granite Car";"817.00"
"1863";"Incredible Rubber Chair";"448.00"
"1864";"Licensed Soft Soap";"266.00"
"1865";"Recycled Frozen Mouse";"109.00"
"1866";"Handmade Steel Table";"214.00"
"1867";"Intelligent Wooden Soap";"9.00"
"1868";"Electronic Plastic Salad";"211.00"
"1869";"Intelligent Frozen Gloves";"55.00"
"1870";"Small Rubber Pants";"990.00"
"1871";"Licensed Plastic Keyboard";"719.00"
"1872";"Fantastic Cotton Cheese";"746.00"
"1873";"Incredible Plastic Mouse";"101.00"
"1874";"Awesome Rubber Soap";"171.00"
"1875";"Luxurious Concrete Salad";"134.00"
"1876";"Ergonomic Cotton Sausages";"829.00"
"1877";"Generic Steel Pants";"799.00"
"1878";"Incredible Metal Bike";"519.00"
"1879";"Practical Concrete Chicken";"71.00"
"1880";"Luxurious Fresh Ball";"451.00"
"1881";"Recycled Soft Mouse";"162.00"
"1882";"Luxurious Soft Mouse";"218.00"
"1883";"Oriental Bronze Chair";"757.00"
"1884";"Elegant Wooden Shoes";"235.00"
"1885";"Practical Fresh Pizza";"482.00"
"1886";"Licensed Metal Chair";"25.00"
"1887";"Recycled Metal Sausages";"590.00"
"1888";"Licensed Soft Soap";"346.00"
"1889";"Ergonomic Frozen Sausages";"99.00"
"1890";"Handcrafted Steel Keyboard";"492.00"
"1891";"Unbranded Granite Table";"206.00"
"1892";"Tasty Concrete Chair";"300.00"
"1893";"Electronic Bronze Keyboard";"239.00"
"1894";"Refined Granite Shoes";"146.00"
"1895";"Gorgeous Wooden Pants";"699.00"
"1896";"Modern Granite Pizza";"382.00"
"1897";"Rustic Fresh Bike";"341.00"
"1898";"Licensed Bronze Tuna";"38.00"
"1899";"Gorgeous Bronze Tuna";"118.00"
"1900";"Refined Frozen Mouse";"334.00"
"1901";"Sleek Plastic Gloves";"744.00"
"1902";"Gorgeous Rubber Sausages";"326.00"
"1903";"Generic Rubber Sausages";"90.00"
"1904";"Recycled Plastic Cheese";"262.00"
"1905";"Oriental Cotton Shoes";"729.00"
"1906";"Ergonomic Cotton Car";"866.00"
"1907";"Recycled Soft Sausages";"436.00"
"1908";"Elegant Metal Bike";"881.00"
"1909";"Elegant Granite Computer";"101.00"
"1910";"Rustic Fresh Keyboard";"948.00"
"1911";"Sleek Concrete Shoes";"449.00"
"1912";"Tasty Plastic Gloves";"787.00"
"1913";"Electronic Granite Mouse";"502.00"
"1914";"Practical Wooden Shirt";"806.00"
"1915";"Rustic Metal Tuna";"276.00"
"1916";"Practical Plastic Cheese";"424.00"
"1917";"Handmade Fresh Hat";"867.00"
"1918";"Sleek Granite Pants";"343.00"
"1919";"Intelligent Fresh Cheese";"362.00"
"1920";"Electronic Soft Shirt";"117.00"
"1921";"Elegant Frozen Chicken";"63.00"
"1922";"Recycled Steel Chair";"697.00"
"1923";"Generic Cotton Soap";"694.00"
"1924";"Modern Steel Car";"221.00"
"1925";"Generic Metal Cheese";"402.00"
"1926";"Unbranded Metal Computer";"616.00"
"1927";"Generic Plastic Soap";"311.00"
"1928";"Modern Bronze Towels";"216.00"
"1929";"Bespoke Frozen Ball";"231.00"
"1930";"Unbranded Plastic Chair";"629.00"
"1931";"Small Fresh Shirt";"928.00"
"1932";"Practical Frozen Shoes";"863.00"
"1933";"Oriental Soft Keyboard";"236.00"
"1934";"Fantastic Metal Mouse";"635.00"
"1935";"Refined Wooden Sausages";"258.00"
"1936";"Unbranded Wooden Mouse";"594.00"
"1937";"Oriental Rubber Bacon";"141.00"
"1938";"Luxurious Steel Towels";"601.00"
"1939";"Gorgeous Granite Chicken";"625.00"
"1940";"Handcrafted Concrete Car";"19.00"
"1941";"Handmade Cotton Shoes";"503.00"
"1942";"Small Rubber Ball";"673.00"
"1943";"Gorgeous Rubber Ball";"40.00"
"1944";"Licensed Plastic Keyboard";"360.00"
"1945";"Oriental Steel Computer";"501.00"
"1946";"Luxurious Rubber Pizza";"800.00"
"1947";"Awesome Bronze Tuna";"446.00"
"1948";"Tasty Concrete Chips";"678.00"
"1949";"Generic Granite Tuna";"53.00"
"1950";"Gorgeous Frozen Keyboard";"946.00"
"1951";"Intelligent Metal Pants";"616.00"
"1952";"Modern Steel Table";"181.00"
"1953";"Handcrafted Plastic Computer";"431.00"
"1954";"Refined Soft Cheese";"986.00"
"1955";"Practical Fresh Soap";"882.00"
"1956";"Handcrafted Soft Cheese";"484.00"
"1957";"Fantastic Bronze Pants";"211.00"
"1958";"Fantastic Frozen Fish";"841.00"
"1959";"Licensed Granite Bacon";"78.00"
"1960";"Tasty Soft Hat";"177.00"
"1961";"Luxurious Fresh Mouse";"258.00"
"1962";"Licensed Soft Fish";"281.00"
"1963";"Incredible Bronze Bacon";"682.00"
"1964";"Awesome Cotton Car";"435.00"
"1965";"Ergonomic Fresh Pants";"785.00"
"1966";"Elegant Concrete Chair";"749.00"
"1967";"Sleek Fresh Car";"546.00"
"1968";"Practical Bronze Shirt";"304.00"
"1969";"Rustic Concrete Shirt";"541.00"
"1970";"Incredible Frozen Tuna";"404.00"
"1971";"Tasty Metal Hat";"761.00"
"1972";"Intelligent Fresh Ball";"59.00"
"1973";"Modern Steel Bacon";"196.00"
"1974";"Practical Fresh Gloves";"176.00"
"1975";"Generic Rubber Shoes";"77.00"
"1976";"Elegant Rubber Keyboard";"398.00"
"1977";"Electronic Bronze Shirt";"11.00"
"1978";"Elegant Concrete Fish";"941.00"
"1979";"Refined Frozen Shoes";"266.00"
"1980";"Oriental Metal Gloves";"890.00"
"1981";"Handmade Bronze Chips";"434.00"
"1982";"Unbranded Metal Sausages";"363.00"
"1983";"Tasty Rubber Salad";"433.00"
"1984";"Tasty Cotton Shirt";"165.00"
"1985";"Fantastic Plastic Chair";"871.00"
"1986";"Rustic Rubber Chair";"924.00"
"1987";"Refined Soft Soap";"361.00"
"1988";"Ergonomic Cotton Bacon";"665.00"
"1989";"Gorgeous Cotton Sausages";"833.00"
"1990";"Sleek Fresh Ball";"218.00"
"1991";"Awesome Cotton Chair";"751.00"
"1992";"Practical Soft Pants";"486.00"
"1993";"Small Wooden Bike";"204.00"
"1994";"Recycled Wooden Gloves";"177.00"
"1995";"Luxurious Granite Shirt";"132.00"
"1996";"Refined Bronze Chicken";"637.00"
"1997";"Gorgeous Fresh Table";"252.00"
"1998";"Generic Rubber Gloves";"444.00"
"1999";"Oriental Metal Cheese";"946.00"
"2000";"Oriental Plastic Shoes";"562.00"
"2001";"Luxurious Fresh Table";"926.00"
"2002";"Unbranded Cotton Chips";"605.00"
"2003";"Bespoke Cotton Bike";"986.00"
"2004";"Generic Rubber Chips";"256.00"
"2005";"Tasty Frozen Tuna";"832.00"
"2006";"Incredible Plastic Shirt";"424.00"
"2007";"Unbranded Bronze Fish";"345.00"
"2008";"Fantastic Plastic Tuna";"388.00"
"2009";"Sleek Cotton Soap";"105.00"
"2010";"Handcrafted Wooden Computer";"57.00"
"2011";"Fantastic Steel Fish";"248.00"
"2012";"Recycled Concrete Cheese";"101.00"
"2013";"Practical Granite Keyboard";"455.00"
"2014";"Refined Frozen Chips";"823.00"
"2015";"Tasty Fresh Pants";"415.00"
"2016";"Handcrafted Granite Bacon";"414.00"
"2017";"Fantastic Plastic Fish";"690.00"
"2018";"Intelligent Wooden Gloves";"230.00"
"2019";"Fantastic Cotton Soap";"811.00"
"2020";"Elegant Frozen Mouse";"347.00"
"2021";"Small Fresh Towels";"624.00"
"2022";"Awesome Steel Bacon";"940.00"
"2023";"Bespoke Soft Bike";"864.00"
"2024";"Intelligent Bronze Cheese";"642.00"
"2025";"Tasty Metal Chair";"272.00"
"2026";"Awesome Frozen Pants";"887.00"
"2027";"Sleek Frozen Shirt";"604.00"
"2028";"Elegant Cotton Towels";"122.00"
"2029";"Handcrafted Wooden Bike";"941.00"
"2030";"Gorgeous Bronze Tuna";"361.00"
"2031";"Tasty Wooden Chicken";"297.00"
"2032";"Elegant Fresh Gloves";"934.00"
"2033";"Generic Soft Tuna";"885.00"
"2034";"Awesome Cotton Bike";"218.00"
"2035";"Handmade Steel Tuna";"391.00"
"2036";"Gorgeous Soft Chair";"120.00"
"2037";"Luxurious Fresh Gloves";"239.00"
"2038";"Fantastic Cotton Salad";"420.00"
"2039";"Small Frozen Sausages";"907.00"
"2040";"Modern Bronze Keyboard";"470.00"
"2041";"Handmade Steel Keyboard";"875.00"
"2042";"Intelligent Granite Chips";"769.00"
"2043";"Oriental Steel Tuna";"953.00"
"2044";"Luxurious Wooden Towels";"985.00"
"2045";"Bespoke Metal Soap";"110.00"
"2046";"Refined Steel Gloves";"725.00"
"2047";"Generic Wooden Car";"193.00"
"2048";"Luxurious Fresh Chicken";"405.00"
"2049";"Luxurious Metal Soap";"45.00"
"2050";"Incredible Granite Pants";"611.00"
"2051";"Recycled Concrete Soap";"64.00"
"2052";"Ergonomic Fresh Mouse";"604.00"
"2053";"Tasty Fresh Mouse";"412.00"
"2054";"Rustic Plastic Salad";"391.00"
"2055";"Refined Rubber Car";"875.00"
"2056";"Small Soft Tuna";"593.00"
"2057";"Fantastic Fresh Mouse";"354.00"
"2058";"Incredible Steel Chips";"363.00"
"2059";"Fantastic Metal Shirt";"244.00"
"2060";"Oriental Bronze Chair";"519.00"
"2061";"Elegant Frozen Gloves";"141.00"
"2062";"Small Rubber Chair";"278.00"
"2063";"Handmade Concrete Hat";"731.00"
"2064";"Gorgeous Plastic Chair";"207.00"
"2065";"Licensed Soft Car";"127.00"
"2066";"Small Granite Chips";"439.00"
"2067";"Bespoke Granite Chicken";"246.00"
"2068";"Generic Rubber Sausages";"541.00"
"2069";"Licensed Granite Keyboard";"341.00"
"2070";"Awesome Rubber Chips";"221.00"
"2071";"Incredible Steel Pizza";"156.00"
"2072";"Gorgeous Wooden Tuna";"703.00"
"2073";"Intelligent Granite Car";"246.00"
"2074";"Luxurious Granite Hat";"699.00"
"2075";"Elegant Fresh Towels";"817.00"
"2076";"Refined Rubber Shoes";"476.00"
"2077";"Modern Concrete Car";"566.00"
"2078";"Unbranded Cotton Mouse";"888.00"
"2079";"Refined Granite Gloves";"875.00"
"2080";"Tasty Bronze Chicken";"683.00"
"2081";"Small Metal Chicken";"625.00"
"2082";"Generic Frozen Chair";"586.00"
"2083";"Licensed Soft Hat";"782.00"
"2084";"Modern Frozen Mouse";"76.00"
"2085";"Modern Plastic Fish";"754.00"
"2086";"Awesome Cotton Keyboard";"155.00"
"2087";"Tasty Wooden Chicken";"302.00"
"2088";"Small Cotton Mouse";"847.00"
"2089";"Gorgeous Steel Shoes";"640.00"
"2090";"Small Steel Chair";"900.00"
"2091";"Elegant Metal Pants";"965.00"
"2092";"Rustic Plastic Mouse";"35.00"
"2093";"Handmade Fresh Towels";"172.00"
"2094";"Practical Granite Chicken";"333.00"
"2095";"Tasty Concrete Fish";"989.00"
"2096";"Bespoke Fresh Bacon";"369.00"
"2097";"Licensed Metal Towels";"984.00"
"2098";"Small Bronze Computer";"210.00"
"2099";"Handcrafted Frozen Bacon";"187.00"
"2100";"Generic Plastic Salad";"248.00"
"2101";"Unbranded Soft Cheese";"848.00"
"2102";"Refined Cotton Computer";"313.00"
"2103";"Elegant Rubber Salad";"941.00"
"2104";"Incredible Bronze Computer";"471.00"
"2105";"Fantastic Steel Salad";"680.00"
"2106";"Incredible Bronze Salad";"535.00"
"2107";"Handmade Concrete Chips";"27.00"
"2108";"Intelligent Soft Shoes";"914.00"
"2109";"Generic Cotton Bike";"54.00"
"2110";"Refined Metal Soap";"318.00"
"2111";"Unbranded Metal Table";"83.00"
"2112";"Practical Rubber Bike";"552.00"
"2113";"Luxurious Concrete Cheese";"143.00"
"2114";"Modern Rubber Computer";"791.00"
"2115";"Sleek Steel Computer";"507.00"
"2116";"Licensed Frozen Bike";"666.00"
"2117";"Small Rubber Chair";"163.00"
"2118";"Awesome Steel Gloves";"835.00"
"2119";"Oriental Bronze Keyboard";"578.00"
"2120";"Modern Wooden Fish";"298.00"
"2121";"Sleek Metal Tuna";"469.00"
"2122";"Intelligent Cotton Ball";"173.00"
"2123";"Tasty Bronze Hat";"587.00"
"2124";"Oriental Cotton Bike";"653.00"
"2125";"Handcrafted Frozen Chips";"414.00"
"2126";"Electronic Granite Cheese";"598.00"
"2127";"Intelligent Cotton Chicken";"851.00"
"2128";"Electronic Concrete Bike";"390.00"
"2129";"Bespoke Frozen Ball";"670.00"
"2130";"Fantastic Bronze Shoes";"465.00"
"2131";"Modern Soft Chair";"216.00"
"2132";"Incredible Concrete Hat";"780.00"
"2133";"Handmade Cotton Pizza";"505.00"
"2134";"Unbranded Soft Keyboard";"6.00"
"2135";"Awesome Plastic Bacon";"150.00"
"2136";"Small Metal Gloves";"102.00"
"2137";"Elegant Frozen Chips";"632.00"
"2138";"Handcrafted Wooden Salad";"674.00"
"2139";"Oriental Plastic Pants";"708.00"
"2140";"Awesome Frozen Chips";"155.00"
"2141";"Electronic Rubber Table";"258.00"
"2142";"Bespoke Granite Chicken";"77.00"
"2143";"Incredible Plastic Shoes";"663.00"
"2144";"Modern Wooden Table";"76.00"
"2145";"Sleek Granite Bacon";"227.00"
"2146";"Rustic Frozen Pizza";"420.00"
"2147";"Refined Bronze Towels";"653.00"
"2148";"Oriental Concrete Towels";"594.00"
"2149";"Elegant Bronze Keyboard";"606.00"
"2150";"Small Frozen Chicken";"720.00"
"2151";"Awesome Cotton Computer";"686.00"
"2152";"Handmade Granite Keyboard";"794.00"
"2153";"Unbranded Metal Shirt";"899.00"
"2154";"Ergonomic Metal Fish";"629.00"
"2155";"Bespoke Frozen Soap";"955.00"
"2156";"Luxurious Soft Car";"586.00"
"2157";"Gorgeous Wooden Table";"540.00"
"2158";"Sleek Concrete Shirt";"345.00"
"2159";"Rustic Metal Pants";"246.00"
"2160";"Incredible Steel Salad";"492.00"
"2161";"Intelligent Granite Chips";"644.00"
"2162";"Unbranded Wooden Gloves";"819.00"
"2163";"Unbranded Cotton Shoes";"929.00"
"2164";"Incredible Granite Car";"708.00"
"2165";"Ergonomic Steel Towels";"407.00"
"2166";"Intelligent Concrete Car";"863.00"
"2167";"Electronic Soft Chair";"995.00"
"2168";"Modern Steel Chair";"349.00"
"2169";"Gorgeous Fresh Gloves";"353.00"
"2170";"Refined Bronze Chips";"363.00"
"2171";"Awesome Fresh Table";"831.00"
"2172";"Rustic Rubber Chips";"428.00"
"2173";"Unbranded Granite Computer";"808.00"
"2174";"Small Rubber Table";"533.00"
"2175";"Fantastic Plastic Mouse";"974.00"
"2176";"Rustic Granite Bike";"423.00"
"2177";"Electronic Frozen Sausages";"635.00"
"2178";"Refined Steel Tuna";"982.00"
"2179";"Practical Granite Pizza";"734.00"
"2180";"Elegant Bronze Mouse";"379.00"
"2181";"Handmade Rubber Chicken";"222.00"
"2182";"Generic Concrete Chips";"208.00"
"2183";"Elegant Wooden Salad";"809.00"
"2184";"Incredible Plastic Hat";"746.00"
"2185";"Modern Metal Soap";"672.00"
"2186";"Modern Steel Ball";"894.00"
"2187";"Handmade Concrete Mouse";"402.00"
"2188";"Fantastic Bronze Bike";"251.00"
"2189";"Luxurious Rubber Chair";"563.00"
"2190";"Handmade Rubber Tuna";"470.00"
"2191";"Tasty Steel Hat";"393.00"
"2192";"Modern Granite Car";"391.00"
"2193";"Practical Fresh Chicken";"392.00"
"2194";"Modern Cotton Hat";"894.00"
"2195";"Awesome Plastic Chicken";"51.00"
"2196";"Handcrafted Frozen Sausages";"952.00"
"2197";"Bespoke Metal Mouse";"918.00"
"2198";"Generic Metal Keyboard";"997.00"
"2199";"Small Bronze Car";"162.00"
"2200";"Rustic Plastic Shoes";"950.00"
"2201";"Practical Cotton Keyboard";"53.00"
"2202";"Bespoke Fresh Gloves";"358.00"
"2203";"Tasty Soft Chair";"839.00"
"2204";"Awesome Steel Gloves";"976.00"
"2205";"Sleek Rubber Fish";"218.00"
"2206";"Bespoke Granite Bike";"697.00"
"2207";"Licensed Metal Keyboard";"906.00"
"2208";"Unbranded Steel Shirt";"121.00"
"2209";"Practical Steel Sausages";"336.00"
"2210";"Awesome Metal Towels";"7.00"
"2211";"Luxurious Metal Chicken";"20.00"
"2212";"Fantastic Steel Hat";"862.00"
"2213";"Small Granite Shirt";"924.00"
"2214";"Bespoke Wooden Soap";"219.00"
"2215";"Gorgeous Steel Chips";"684.00"
"2216";"Rustic Frozen Bike";"88.00"
"2217";"Modern Plastic Mouse";"558.00"
"2218";"Awesome Frozen Shirt";"437.00"
"2219";"Modern Fresh Chair";"362.00"
"2220";"Incredible Frozen Gloves";"654.00"
"2221";"Fantastic Soft Computer";"361.00"
"2222";"Bespoke Plastic Car";"885.00"
"2223";"Practical Metal Bacon";"143.00"
"2224";"Sleek Soft Computer";"368.00"
"2225";"Incredible Fresh Towels";"624.00"
"2226";"Tasty Bronze Shirt";"910.00"
"2227";"Tasty Plastic Keyboard";"262.00"
"2228";"Licensed Granite Mouse";"292.00"
"2229";"Luxurious Steel Gloves";"392.00"
"2230";"Refined Bronze Car";"315.00"
"2231";"Small Steel Cheese";"728.00"
"2232";"Practical Frozen Fish";"489.00"
"2233";"Gorgeous Fresh Mouse";"169.00"
"2234";"Practical Metal Ball";"416.00"
"2235";"Handmade Bronze Soap";"473.00"
"2236";"Bespoke Metal Fish";"547.00"
"2237";"Recycled Wooden Car";"954.00"
"2238";"Incredible Granite Gloves";"325.00"
"2239";"Generic Rubber Chair";"130.00"
"2240";"Tasty Plastic Mouse";"820.00"
"2241";"Tasty Frozen Pizza";"831.00"
"2242";"Rustic Rubber Chicken";"90.00"
"2243";"Generic Fresh Salad";"45.00"
"2244";"Handmade Soft Towels";"181.00"
"2245";"Oriental Concrete Bacon";"978.00"
"2246";"Electronic Plastic Pants";"372.00"
"2247";"Practical Cotton Pants";"861.00"
"2248";"Tasty Frozen Towels";"604.00"
"2249";"Oriental Fresh Bike";"339.00"
"2250";"Gorgeous Granite Shoes";"902.00"
"2251";"Handcrafted Cotton Chicken";"514.00"
"2252";"Unbranded Frozen Towels";"901.00"
"2253";"Generic Wooden Gloves";"336.00"
"2254";"Refined Concrete Computer";"948.00"
"2255";"Refined Soft Ball";"720.00"
"2256";"Practical Fresh Bacon";"378.00"
"2257";"Handmade Metal Keyboard";"763.00"
"2258";"Incredible Granite Pizza";"216.00"
"2259";"Oriental Soft Chips";"491.00"
"2260";"Rustic Cotton Shirt";"107.00"
"2261";"Oriental Cotton Hat";"400.00"
"2262";"Refined Fresh Shirt";"990.00"
"2263";"Electronic Soft Salad";"921.00"
"2264";"Recycled Fresh Pants";"121.00"
"2265";"Elegant Steel Chair";"755.00"
"2266";"Handmade Steel Pants";"873.00"
"2267";"Refined Bronze Keyboard";"33.00"
"2268";"Gorgeous Granite Mouse";"536.00"
"2269";"Intelligent Rubber Gloves";"641.00"
"2270";"Handmade Granite Ball";"309.00"
"2271";"Refined Granite Salad";"117.00"
"2272";"Rustic Granite Car";"759.00"
"2273";"Sleek Metal Table";"828.00"
"2274";"Handcrafted Concrete Ball";"198.00"
"2275";"Gorgeous Wooden Table";"684.00"
"2276";"Tasty Rubber Car";"922.00"
"2277";"Refined Metal Mouse";"311.00"
"2278";"Sleek Soft Ball";"859.00"
"2279";"Elegant Fresh Keyboard";"677.00"
"2280";"Awesome Cotton Hat";"186.00"
"2281";"Fantastic Steel Fish";"166.00"
"2282";"Awesome Rubber Pizza";"630.00"
"2283";"Small Plastic Soap";"177.00"
"2284";"Oriental Metal Hat";"772.00"
"2285";"Ergonomic Bronze Table";"935.00"
"2286";"Rustic Fresh Hat";"851.00"
"2287";"Refined Bronze Hat";"332.00"
"2288";"Bespoke Frozen Towels";"974.00"
"2289";"Oriental Steel Salad";"196.00"
"2290";"Modern Plastic Computer";"230.00"
"2291";"Refined Cotton Keyboard";"947.00"
"2292";"Ergonomic Rubber Soap";"239.00"
"2293";"Recycled Concrete Shirt";"327.00"
"2294";"Intelligent Cotton Shirt";"878.00"
"2295";"Handmade Cotton Bacon";"293.00"
"2296";"Generic Rubber Mouse";"433.00"
"2297";"Small Bronze Keyboard";"201.00"
"2298";"Tasty Concrete Gloves";"538.00"
"2299";"Elegant Granite Computer";"757.00"
"2300";"Elegant Cotton Tuna";"805.00"
"2301";"Recycled Wooden Ball";"201.00"
"2302";"Incredible Cotton Hat";"809.00"
"2303";"Luxurious Fresh Bacon";"524.00"
"2304";"Generic Bronze Shoes";"954.00"
"2305";"Refined Soft Bacon";"178.00"
"2306";"Practical Granite Chips";"268.00"
"2307";"Tasty Rubber Shirt";"439.00"
"2308";"Ergonomic Steel Salad";"916.00"
"2309";"Recycled Soft Salad";"51.00"
"2310";"Practical Wooden Cheese";"804.00"
"2311";"Refined Steel Towels";"429.00"
"2312";"Handmade Steel Car";"711.00"
"2313";"Rustic Metal Chicken";"445.00"
"2314";"Sleek Soft Table";"285.00"
"2315";"Sleek Granite Pizza";"226.00"
"2316";"Awesome Rubber Tuna";"647.00"
"2317";"Bespoke Rubber Bike";"306.00"
"2318";"Electronic Steel Fish";"825.00"
"2319";"Tasty Fresh Towels";"536.00"
"2320";"Generic Steel Keyboard";"950.00"
"2321";"Elegant Plastic Pizza";"636.00"
"2322";"Oriental Bronze Pants";"782.00"
"2323";"Recycled Metal Ball";"386.00"
"2324";"Electronic Concrete Bacon";"614.00"
"2325";"Bespoke Granite Bacon";"616.00"
"2326";"Refined Soft Cheese";"758.00"
"2327";"Sleek Granite Computer";"623.00"
"2328";"Rustic Soft Soap";"224.00"
"2329";"Bespoke Soft Tuna";"209.00"
"2330";"Generic Steel Chicken";"917.00"
"2331";"Tasty Rubber Fish";"460.00"
"2332";"Small Concrete Towels";"939.00"
"2333";"Unbranded Steel Pants";"79.00"
"2334";"Awesome Cotton Towels";"192.00"
"2335";"Tasty Bronze Pants";"447.00"
"2336";"Gorgeous Soft Shoes";"17.00"
"2337";"Incredible Soft Tuna";"458.00"
"2338";"Modern Granite Cheese";"308.00"
"2339";"Handmade Metal Gloves";"714.00"
"2340";"Unbranded Steel Cheese";"632.00"
"2341";"Luxurious Cotton Shirt";"786.00"
"2342";"Bespoke Cotton Hat";"882.00"
"2343";"Refined Rubber Shirt";"586.00"
"2344";"Bespoke Frozen Keyboard";"315.00"
"2345";"Practical Granite Bike";"268.00"
"2346";"Elegant Rubber Gloves";"714.00"
"2347";"Unbranded Rubber Towels";"784.00"
"2348";"Unbranded Soft Computer";"696.00"
"2349";"Licensed Cotton Chicken";"386.00"
"2350";"Small Frozen Ball";"250.00"
"2351";"Oriental Frozen Table";"161.00"
"2352";"Bespoke Fresh Shoes";"341.00"
"2353";"Incredible Soft Keyboard";"471.00"
"2354";"Refined Bronze Soap";"773.00"
"2355";"Generic Granite Mouse";"947.00"
"2356";"Handcrafted Steel Bacon";"709.00"
"2357";"Incredible Fresh Sausages";"364.00"
"2358";"Handmade Soft Ball";"505.00"
"2359";"Refined Wooden Sausages";"187.00"
"2360";"Unbranded Plastic Gloves";"183.00"
"2361";"Small Metal Computer";"18.00"
"2362";"Handcrafted Frozen Towels";"183.00"
"2363";"Generic Wooden Computer";"98.00"
"2364";"Fantastic Granite Mouse";"473.00"
"2365";"Recycled Fresh Tuna";"869.00"
"2366";"Gorgeous Fresh Ball";"594.00"
"2367";"Fantastic Cotton Chicken";"336.00"
"2368";"Small Granite Pizza";"299.00"
"2369";"Generic Bronze Towels";"856.00"
"2370";"Luxurious Cotton Computer";"819.00"
"2371";"Gorgeous Fresh Chicken";"662.00"
"2372";"Sleek Concrete Shoes";"134.00"
"2373";"Electronic Soft Pants";"914.00"
"2374";"Practical Granite Cheese";"408.00"
"2375";"Recycled Steel Soap";"482.00"
"2376";"Generic Granite Table";"644.00"
"2377";"Unbranded Cotton Cheese";"632.00"
"2378";"Intelligent Concrete Chair";"730.00"
"2379";"Unbranded Bronze Fish";"948.00"
"2380";"Practical Plastic Car";"845.00"
"2381";"Refined Rubber Chips";"401.00"
"2382";"Tasty Cotton Gloves";"219.00"
"2383";"Ergonomic Plastic Cheese";"733.00"
"2384";"Luxurious Wooden Fish";"810.00"
"2385";"Rustic Bronze Mouse";"894.00"
"2386";"Electronic Wooden Chicken";"130.00"
"2387";"Unbranded Plastic Keyboard";"253.00"
"2388";"Electronic Rubber Mouse";"993.00"
"2389";"Intelligent Fresh Chair";"119.00"
"2390";"Electronic Cotton Fish";"53.00"
"2391";"Luxurious Granite Gloves";"838.00"
"2392";"Awesome Bronze Chair";"140.00"
"2393";"Licensed Metal Shoes";"564.00"
"2394";"Elegant Soft Keyboard";"862.00"
"2395";"Modern Bronze Mouse";"31.00"
"2396";"Incredible Cotton Ball";"683.00"
"2397";"Refined Bronze Salad";"468.00"
"2398";"Luxurious Metal Car";"566.00"
"2399";"Electronic Concrete Bike";"412.00"
"2400";"Oriental Wooden Shirt";"261.00"
"2401";"Tasty Metal Computer";"202.00"
"2402";"Small Soft Gloves";"451.00"
"2403";"Practical Soft Tuna";"365.00"
"2404";"Fantastic Plastic Shoes";"432.00"
"2405";"Licensed Steel Cheese";"496.00"
"2406";"Intelligent Plastic Bacon";"65.00"
"2407";"Sleek Steel Chair";"209.00"
"2408";"Practical Fresh Gloves";"702.00"
"2409";"Unbranded Wooden Hat";"121.00"
"2410";"Handcrafted Frozen Hat";"34.00"
"2411";"Sleek Steel Shirt";"568.00"
"2412";"Sleek Plastic Soap";"71.00"
"2413";"Unbranded Soft Pizza";"168.00"
"2414";"Refined Metal Soap";"12.00"
"2415";"Intelligent Concrete Fish";"162.00"
"2416";"Bespoke Cotton Cheese";"179.00"
"2417";"Tasty Rubber Pants";"635.00"
"2418";"Fantastic Metal Keyboard";"912.00"
"2419";"Sleek Metal Salad";"361.00"
"2420";"Modern Concrete Fish";"981.00"
"2421";"Generic Concrete Tuna";"674.00"
"2422";"Modern Rubber Soap";"698.00"
"2423";"Unbranded Metal Chicken";"599.00"
"2424";"Awesome Rubber Car";"27.00"
"2425";"Unbranded Granite Soap";"411.00"
"2426";"Recycled Fresh Shoes";"675.00"
"2427";"Recycled Concrete Table";"312.00"
"2428";"Handmade Cotton Gloves";"56.00"
"2429";"Generic Wooden Chips";"26.00"
"2430";"Rustic Fresh Pants";"949.00"
"2431";"Handmade Metal Shoes";"536.00"
"2432";"Intelligent Concrete Soap";"925.00"
"2433";"Small Soft Computer";"300.00"
"2434";"Intelligent Rubber Ball";"792.00"
"2435";"Practical Frozen Cheese";"170.00"
"2436";"Bespoke Rubber Soap";"243.00"
"2437";"Handcrafted Concrete Chicken";"730.00"
"2438";"Awesome Bronze Shoes";"395.00"
"2439";"Oriental Fresh Salad";"355.00"
"2440";"Recycled Metal Tuna";"184.00"
"2441";"Unbranded Metal Pants";"989.00"
"2442";"Gorgeous Concrete Gloves";"716.00"
"2443";"Recycled Bronze Chips";"294.00"
"2444";"Small Plastic Table";"288.00"
"2445";"Ergonomic Cotton Mouse";"433.00"
"2446";"Sleek Granite Shoes";"873.00"
"2447";"Bespoke Rubber Bike";"545.00"
"2448";"Incredible Concrete Salad";"520.00"
"2449";"Handcrafted Concrete Ball";"978.00"
"2450";"Electronic Fresh Fish";"64.00"
"2451";"Tasty Metal Cheese";"295.00"
"2452";"Small Bronze Hat";"684.00"
"2453";"Intelligent Concrete Pants";"827.00"
"2454";"Electronic Granite Chair";"580.00"
"2455";"Handcrafted Rubber Shoes";"727.00"
"2456";"Licensed Rubber Chips";"889.00"
"2457";"Elegant Wooden Car";"75.00"
"2458";"Fantastic Wooden Salad";"995.00"
"2459";"Awesome Frozen Chicken";"426.00"
"2460";"Small Soft Keyboard";"878.00"
"2461";"Practical Rubber Fish";"809.00"
"2462";"Generic Bronze Cheese";"362.00"
"2463";"Bespoke Metal Tuna";"747.00"
"2464";"Tasty Steel Sausages";"225.00"
"2465";"Incredible Metal Chicken";"469.00"
"2466";"Intelligent Concrete Bacon";"61.00"
"2467";"Refined Frozen Gloves";"684.00"
"2468";"Fantastic Granite Keyboard";"464.00"
"2469";"Ergonomic Cotton Pants";"765.00"
"2470";"Gorgeous Soft Chips";"143.00"
"2471";"Small Rubber Mouse";"133.00"
"2472";"Luxurious Rubber Shirt";"215.00"
"2473";"Awesome Concrete Bacon";"700.00"
"2474";"Small Plastic Tuna";"788.00"
"2475";"Handmade Soft Computer";"160.00"
"2476";"Handcrafted Frozen Bacon";"414.00"
"2477";"Ergonomic Concrete Soap";"532.00"
"2478";"Luxurious Wooden Mouse";"546.00"
"2479";"Bespoke Cotton Bacon";"481.00"
"2480";"Sleek Plastic Ball";"166.00"
"2481";"Bespoke Rubber Fish";"697.00"
"2482";"Tasty Cotton Hat";"297.00"
"2483";"Practical Cotton Computer";"554.00"
"2484";"Recycled Soft Shirt";"330.00"
"2485";"Handcrafted Rubber Shirt";"375.00"
"2486";"Licensed Granite Mouse";"612.00"
"2487";"Refined Frozen Hat";"553.00"
"2488";"Handmade Granite Bike";"460.00"
"2489";"Licensed Plastic Table";"328.00"
"2490";"Luxurious Steel Fish";"495.00"
"2491";"Handcrafted Cotton Gloves";"404.00"
"2492";"Generic Plastic Ball";"249.00"
"2493";"Elegant Fresh Soap";"337.00"
"2494";"Fantastic Bronze Car";"375.00"
"2495";"Sleek Bronze Car";"686.00"
"2496";"Unbranded Frozen Car";"833.00"
"2497";"Refined Fresh Soap";"628.00"
"2498";"Gorgeous Cotton Gloves";"484.00"
"2499";"Luxurious Rubber Shirt";"284.00"
"2500";"Unbranded Bronze Bike";"568.00"